Fiyat,Mahalle,İlan Güncelleme Tarihi,Tipi,Net Metrekare,Brüt Metrekare,Oda Sayısı,Binanın Yaşı,Bulunduğu Kat,Binanın Kat Sayısı,Isıtma Tipi,Kullanım Durumu,Krediye Uygunluk,Tapu Durumu,Site İçerisinde,Eşya Durumu,Takas,Banyo Sayısı,WC Sayısı
2.600.000TL,Tuna Mahallesi,30 Ekim 2025,Daire,45 m²,60 m²,1+1,21 Ve Üzeri,3.Kat,4.0,Kombi Doğalgaz,Boş,Krediye Uygun,Kat Mülkiyeti,Hayır,Boş,Var,1,
2.990.000TL,Barbaros Mahallesi,05 Kasım 2025,Daire,28 m²,40 m²,Stüdyo,4,17.Kat,30.0,Merkezi (Pay Ölçer),Kiracı Oturuyor,Krediye Uygun,Kat Mülkiyeti,Hayır,,Yok,1,
3.200.000TL,Koşukavak Mahallesi,25 Kasım 2025,Daire,90 m²,92 m²,2+1,21 Ve Üzeri,2.Kat,5.0,Klimalı,Kiracı Oturuyor,Krediye Uygun,Kat Mülkiyeti,Hayır,,Yok,1,
21.000.000TL,İnönü Mahallesi,17 Kasım 2025,Bina,110 m²,130 m²,2+1,16-20,,5.0,Kombi Doğalgaz,Mülk Sahibi Oturuyor,Bilinmiyor,Kat Mülkiyeti,Hayır,,Yok,1,2.0
3.975.000TL,Evka 3 Mahallesi,26 Kasım 2025,Daire,75 m²,80 m²,2+1,21 Ve Üzeri,3.Kat,5.0,Kombi Doğalgaz,Mülk Sahibi Oturuyor,Krediye Uygun,Kat Mülkiyeti,Hayır,,Yok,1,
14.950.000TL,Evka 3 Mahallesi,31 Ekim 2025,Daire,112 m²,135 m²,3+1,0 (Yeni),2.Kat,5.0,Yerden Isıtma,Boş,Krediye Uygun,Kat İrtifakı,Evet,Boş,Var,1,
7.650.000TL,Egemenlik Mahallesi,27 Kasım 2025,Müstakil Ev,100 m²,144 m²,3+1,21 Ve Üzeri,,1.0,Kombi Doğalgaz,Mülk Sahibi Oturuyor,Krediye Uygun Değil,Kat İrtifakı,Hayır,Boş,Yok,1,
3.900.000TL,Çınar Mahallesi,11 Kasım 2025,Daire,120 m²,145 m²,3+1,21 Ve Üzeri,3.Kat,4.0,Kombi Doğalgaz,Mülk Sahibi Oturuyor,Krediye Uygun Değil,Kat Mülkiyeti,Hayır,Boş,Var,2,
3.900.000TL,Birlik Mahallesi,05 Kasım 2025,Müstakil Ev,115 m²,150 m²,3+1,21 Ve Üzeri,,1.0,Klimalı,Kiracı Oturuyor,Krediye Uygun Değil,Müstakil Tapulu,Hayır,Boş,Yok,1,
4.600.000TL,Barbaros Mahallesi,21 Kasım 2025,Daire,48 m²,62 m²,1+1,0 (Yeni),4.Kat,4.0,Merkezi (Pay Ölçer),Kiracı Oturuyor,Krediye Uygun,Kat Mülkiyeti,Hayır,,Yok,1,
15.850.000TL,Ergene Mahallesi,25 Kasım 2025,Müstakil Ev,120 m²,200 m²,3+1,11-15,,1.0,Merkezi Doğalgaz,Boş,Bilinmiyor,Müstakil Tapulu,Hayır,,Yok,1,
14.850.000TL,Evka 3 Mahallesi,31 Ekim 2025,Daire,112 m²,135 m²,3+1,0 (Yeni),2.Kat,5.0,Yerden Isıtma,Boş,Krediye Uygun,Kat İrtifakı,Hayır,,Var,1,
3.700.000TL,Evka 4 Mahallesi,18 Kasım 2025,Daire,100 m²,105 m²,3+1,16-20,Yüksek Giriş,8.0,Isıtma Yok,Kiracı Oturuyor,Krediye Uygun,Kat Mülkiyeti,Hayır,,,1,
4.200.000TL,Gazi Osman Paşa Mahallesi,26 Kasım 2025,Daire,100 m²,110 m²,2+1,21 Ve Üzeri,3.Kat,3.0,Klimalı,Mülk Sahibi Oturuyor,Krediye Uygun,Kat Mülkiyeti,Hayır,,,1,
4.250.000TL,Kızılay Mahallesi,27 Kasım 2025,Daire,80 m²,90 m²,1+1,5-10,Yüksek Giriş,2.0,Kombi Doğalgaz,Kiracı Oturuyor,Krediye Uygun,Kat Mülkiyeti,Hayır,Boş,Yok,1,
3.700.000TL,Kızılay Mahallesi,17 Kasım 2025,Daire,77 m²,85 m²,2+1,5-10,1.Kat,3.0,Kombi Doğalgaz,Boş,Krediye Uygun,Kat Mülkiyeti,Hayır,,,1,
6.380.000TL,Ergene Mahallesi,19 Kasım 2025,Daire,79 m²,88 m²,2+1,5-10,2.Kat,5.0,Kombi Doğalgaz,Mülk Sahibi Oturuyor,Krediye Uygun,Kat İrtifakı,Hayır,Boş,Yok,1,
5.200.000TL,Kemalpaşa Mahallesi,26 Kasım 2025,Daire,150 m²,300 m²,3+1,11-15,4.Kat,4.0,Kombi Doğalgaz,Boş,Krediye Uygun Değil,Kat Mülkiyeti,Hayır,Boş,Yok,2,
4.000.000TL,Kazımdirik Mahallesi,20 Kasım 2025,Daire,80 m²,85 m²,2+1,21 Ve Üzeri,3.Kat,4.0,Kombi Doğalgaz,Boş,Krediye Uygun,Kat İrtifakı,Hayır,,Yok,1,
15.000.000TL,Doğanlar Mahallesi,28 Kasım 2025,Müstakil Ev,120 m²,130 m²,3+1,0 (Yeni),,2.0,Kombi Doğalgaz,Boş,Krediye Uygun,Kooperatiften Tapu,Evet,,,1,
5.750.000TL,Koşukavak Mahallesi,03 Kasım 2025,Daire,75 m²,89 m²,2+1,1,22.Kat,24.0,Kombi Doğalgaz,Kiracı Oturuyor,Krediye Uygun,Kat İrtifakı,Hayır,,Var,2,
12.750.000TL,Evka 3 Mahallesi,20 Kasım 2025,Daire,180 m²,220 m²,4+1,16-20,2.Kat,3.0,Kombi Doğalgaz,Boş,Krediye Uygun,Kat Mülkiyeti,Evet,Boş,Yok,2,
5.450.000TL,Atatürk Mahallesi,28 Kasım 2025,Daire,80 m²,90 m²,2+1,21 Ve Üzeri,3.Kat,5.0,Kombi Doğalgaz,Mülk Sahibi Oturuyor,Krediye Uygun,Kat Mülkiyeti,Hayır,,Yok,1,
7.760.000TL,Erzene Mahallesi,08 Kasım 2025,Daire,65 m²,88 m²,2+2,0 (Yeni),2.Kat,5.0,Kombi Doğalgaz,Boş,Krediye Uygun,Kat Mülkiyeti,Hayır,,Yok,1,
14.000.000TL,Kızılay Mahallesi,26 Kasım 2025,Daire,200 m²,210 m²,3+2,3,4.Kat,5.0,Kombi Doğalgaz,Boş,Krediye Uygun,Kat Mülkiyeti,Hayır,Boş,Var,2,
3.600.000TL,İnönü Mahallesi,28 Kasım 2025,Daire,80 m²,85 m²,2+1,21 Ve Üzeri,Villa Tipi,3.0,Klimalı,Boş,Krediye Uygun,Kat Mülkiyeti,Hayır,,Yok,2,
4.900.000TL,Rafet Paşa Mahallesi,30 Ekim 2025,Daire,40 m²,60 m²,1+1,3,7.Kat,25.0,VRV,Boş,Krediye Uygun,Kat İrtifakı,Evet,Eşyalı,Yok,1,
,,,,,,,,,,,,,,,,,,
5.270.000TL,Yeşilova Mahallesi,26 Kasım 2025,Daire,175 m²,200 m²,4+1,21 Ve Üzeri,5.Kat,5.0,Kombi Doğalgaz,Boş,Krediye Uygun,Kat Mülkiyeti,Hayır,Boş,Yok,2,
10.800.000TL,Atatürk Mahallesi,06 Kasım 2025,Daire,150 m²,170 m²,4+1,5-10,3.Kat,3.0,Kombi Doğalgaz,Kiracı Oturuyor,Krediye Uygun,Kat Mülkiyeti,Hayır,Boş,Var,2,
3.500.000TL,Erzene Mahallesi,25 Kasım 2025,Daire,130 m²,145 m²,3+1,21 Ve Üzeri,3.Kat,30.0,Kombi Doğalgaz,Boş,Krediye Uygun Değil,Kat Mülkiyeti,Hayır,Boş,Yok,3,2.0
6.500.000TL,Barbaros Mahallesi,12 Kasım 2025,Daire,59 m²,70 m²,2+1,0 (Yeni),2.Kat,20.0,Kombi Doğalgaz,Boş,Krediye Uygun,Kat İrtifakı,Hayır,,Var,1,
5.500.000TL,Doğanlar Mahallesi,12 Kasım 2025,Daire,130 m²,135 m²,3+1,21 Ve Üzeri,3.Kat,4.0,Kombi Doğalgaz,Boş,Krediye Uygun,Kat Mülkiyeti,Hayır,,Yok,1,
4.500.000TL,Erzene Mahallesi,14 Kasım 2025,Daire,110 m²,120 m²,3+1,21 Ve Üzeri,2.Kat,5.0,Doğalgaz Sobalı,Mülk Sahibi Oturuyor,Krediye Uygun,Müstakil Tapulu,Hayır,Boş,Yok,1,
4.250.000TL,Erzene Mahallesi,26 Kasım 2025,Daire,70 m²,80 m²,2+1,21 Ve Üzeri,3.Kat,7.0,Isıtma Yok,Kiracı Oturuyor,Krediye Uygun,Kat Mülkiyeti,Hayır,,Yok,1,
5.750.000TL,Kazımdirik Mahallesi,27 Kasım 2025,Daire,95 m²,105 m²,2+1,0 (Yeni),Bahçe Katı,7.0,Klimalı,Boş,Krediye Uygun,Kat Mülkiyeti,Evet,Eşyalı,Yok,1,
2.500.000TL,Zafer Mahallesi,27 Kasım 2025,Daire,75 m²,85 m²,3+1,21 Ve Üzeri,Bahçe Katı,1.0,Kombi Doğalgaz,Kiracı Oturuyor,Krediye Uygun,Kat Mülkiyeti,Hayır,Boş,Yok,1,1.0
2.600.000TL,Meriç Mahallesi,22 Kasım 2025,Daire,85 m²,90 m²,2+1,21 Ve Üzeri,Yüksek Giriş,2.0,Kombi Doğalgaz,Mülk Sahibi Oturuyor,Krediye Uygun,Kat İrtifakı,Hayır,Boş,Yok,1,
8.000.000TL,Erzene Mahallesi,25 Kasım 2025,Müstakil Ev,120 m²,150 m²,3+1,21 Ve Üzeri,,2.0,Kombi Doğalgaz,Mülk Sahibi Oturuyor,Bilinmiyor,Kat İrtifakı,Hayır,,Yok,1,
2.750.000TL,Ergene Mahallesi,26 Kasım 2025,Daire,77 m²,89 m²,2+0,21 Ve Üzeri,Yüksek Giriş,5.0,Kombi Doğalgaz,Boş,Krediye Uygun,Kat Mülkiyeti,Hayır,Boş,Var,1,
3.650.000TL,Kızılay Mahallesi,26 Kasım 2025,Daire,77 m²,85 m²,2+1,5-10,Yüksek Giriş,4.0,Kombi Doğalgaz,Boş,Krediye Uygun,Kat Mülkiyeti,Hayır,,Yok,1,
3.990.000TL,Kemalpaşa Mahallesi,26 Kasım 2025,Daire,35 m²,45 m²,1+1,0 (Yeni),3.Kat,4.0,Yerden Isıtma,Boş,Krediye Uygun,Kat İrtifakı,Hayır,Boş,Yok,1,
10.750.000TL,Rafet Paşa Mahallesi,27 Kasım 2025,Daire,145 m²,183 m²,3+1,21 Ve Üzeri,5.Kat,16.0,Merkezi (Pay Ölçer),Boş,Krediye Uygun,Kat İrtifakı,Hayır,,Yok,2,
3.250.000TL,Ümit Mahallesi,04 Kasım 2025,Daire,55 m²,60 m²,2+1,0 (Yeni),Düz Giriş (Zemin),2.0,Kombi Doğalgaz,Boş,Krediye Uygun,Kat İrtifakı,Hayır,Boş,Yok,1,
4.250.000TL,Mevlana Mahallesi,11 Kasım 2025,Daire,40 m²,50 m²,1+1,0 (Yeni),5.Kat,6.0,Kombi Doğalgaz,Boş,Krediye Uygun,Kat İrtifakı,Hayır,Boş,Yok,1,
4.500.000TL,Gürpınar Mahallesi,24 Kasım 2025,Daire,80 m²,90 m²,2+1,1,Yüksek Giriş,3.0,Kombi Doğalgaz,Boş,Krediye Uygun,Kat Mülkiyeti,Evet,Boş,Var,1,
4.299.000TL,Koşukavak Mahallesi,26 Kasım 2025,Daire,41 m²,58 m²,1+1,1,10.Kat,24.0,Merkezi (Pay Ölçer),Kiracı Oturuyor,Bilinmiyor,Kat İrtifakı,Hayır,,Var,1,
2.450.000TL,Atatürk Mahallesi,12 Kasım 2025,Daire,50 m²,60 m²,1+1,11-15,Düz Giriş (Zemin),4.0,Kombi Doğalgaz,Mülk Sahibi Oturuyor,Krediye Uygun,Kat Mülkiyeti,Hayır,Boş,Yok,1,
8.850.000TL,Erzene Mahallesi,27 Kasım 2025,Daire,135 m²,142 m²,3+1,21 Ve Üzeri,8.Kat,8.0,Kombi Doğalgaz,Boş,Krediye Uygun,Kat Mülkiyeti,Hayır,Boş,Yok,1,
3.150.000TL,Erzene Mahallesi,28 Kasım 2025,Daire,45 m²,50 m²,1+1,2,Kot 2 (-2).Kat,3.0,Kombi Doğalgaz,Kiracı Oturuyor,Krediye Uygun,Kooperatiften Tapu,Evet,Boş,Yok,1,1.0
4.750.000TL,Çınar Mahallesi,26 Kasım 2025,Müstakil Ev,50 m²,56 m²,1+1,21 Ve Üzeri,,3.0,Sobalı,Kiracı Oturuyor,Krediye Uygun,Müstakil Tapulu,Hayır,Boş,Yok,1,
5.800.000TL,Atatürk Mahallesi,22 Kasım 2025,Daire,57 m²,67 m²,2+1,5-10,1.Kat,4.0,Kombi Doğalgaz,Boş,Krediye Uygun,Kat İrtifakı,Hayır,,Yok,1,
5.500.000TL,Atatürk Mahallesi,05 Kasım 2025,Daire,72 m²,90 m²,2+1,0 (Yeni),2.Kat,2.0,Kombi Doğalgaz,Boş,Krediye Uygun,Kat İrtifakı,Hayır,Boş,Var,1,
3.200.000TL,Birlik Mahallesi,26 Kasım 2025,Daire,85 m²,94 m²,3+1,21 Ve Üzeri,2.Kat,3.0,Klimalı,Kiracı Oturuyor,Krediye Uygun,Kat Mülkiyeti,Hayır,,,1,
3.650.000TL,Ümit Mahallesi,03 Kasım 2025,Daire,65 m²,71 m²,2+1,0 (Yeni),1.Kat,2.0,Kombi Doğalgaz,Boş,Krediye Uygun,Kat İrtifakı,Hayır,Boş,Yok,1,
4.500.000TL,Kemalpaşa Mahallesi,31 Ekim 2025,Daire,100 m²,105 m²,3+1,21 Ve Üzeri,3.Kat,4.0,Kombi Doğalgaz,Mülk Sahibi Oturuyor,Krediye Uygun,Kat Mülkiyeti,Hayır,,,1,
23.500.000TL,Atatürk Mahallesi,30 Ekim 2025,Villa,200 m²,240 m²,4+1,0 (Yeni),,3.0,Yerden Isıtma,Boş,Krediye Uygun,Kat Mülkiyeti,Hayır,Boş,Yok,2,
17.850.000TL,Yakaköy Mahallesi,19 Kasım 2025,Villa,300 m²,400 m²,3+1,21 Ve Üzeri,,2.0,Klimalı,Mülk Sahibi Oturuyor,Krediye Uygun Değil,Hisseli Tapu,Hayır,Boş,Yok,2,
11.750.000TL,Kazımdirik Mahallesi,13 Kasım 2025,Daire,170 m²,200 m²,3+1,11-15,7.Kat,7.0,Kombi Doğalgaz,Mülk Sahibi Oturuyor,Krediye Uygun,Kat İrtifakı,Evet,,,2,
3.800.000TL,Çınar Mahallesi,03 Kasım 2025,Müstakil Ev,100 m²,110 m²,3+1,16-20,,2.0,Klimalı,Boş,Krediye Uygun,Müstakil Tapulu,Hayır,,,1,
4.950.000TL,İnönü Mahallesi,10 Kasım 2025,Daire,115 m²,180 m²,3+1,21 Ve Üzeri,Yüksek Giriş,5.0,Kombi Doğalgaz,Boş,Bilinmiyor,Kat Mülkiyeti,Hayır,,Yok,2,
14.000.000TL,Ergene Mahallesi,19 Kasım 2025,Daire,187 m²,190 m²,3+1,21 Ve Üzeri,Villa Tipi,1.0,Kombi Doğalgaz,Boş,Bilinmiyor,Kat Mülkiyeti,Hayır,,Yok,1,
23.500.000TL,Çiçekli Mahallesi,27 Kasım 2025,Villa,135 m²,150 m²,3+1,3,,1.0,Isı Pompası,Boş,Bilinmiyor,Hisseli Tapu,Hayır,,Var,2,
3.550.000TL,Kızılay Mahallesi,11 Kasım 2025,Daire,85 m²,100 m²,1+1,4,3.Kat,3.0,Klimalı,Boş,Bilinmiyor,Kat İrtifakı,Hayır,,Yok,1,
2.950.000TL,Doğanlar Mahallesi,27 Kasım 2025,Daire,95 m²,110 m²,2+1,21 Ve Üzeri,Düz Giriş (Zemin),5.0,Kombi Doğalgaz,Mülk Sahibi Oturuyor,Krediye Uygun,Kat Mülkiyeti,Hayır,,Yok,1,
4.250.000TL,Atatürk Mahallesi,26 Kasım 2025,Daire,110 m²,120 m²,3+1,21 Ve Üzeri,4.Kat,5.0,Kombi Doğalgaz,Kiracı Oturuyor,Krediye Uygun,Kat Mülkiyeti,Hayır,Boş,Var,1,
12.000.000TL,Kazımdirik Mahallesi,26 Kasım 2025,Daire,85 m²,97 m²,3+1,1,4.Kat,13.0,Merkezi (Pay Ölçer),Mülk Sahibi Oturuyor,Krediye Uygun,Kat İrtifakı,Evet,Eşyalı,Yok,2,
5.500.000TL,Atatürk Mahallesi,27 Kasım 2025,Daire,120 m²,130 m²,3+1,21 Ve Üzeri,3.Kat,3.0,Isıtma Yok,Boş,Bilinmiyor,Kat İrtifakı,Hayır,,Yok,1,
7.850.000TL,Yakaköy Mahallesi,09 Kasım 2025,Müstakil Ev,60 m²,75 m²,2+1,21 Ve Üzeri,,1.0,Isıtma Yok,Kiracı Oturuyor,Krediye Uygun,Müstakil Tapulu,Hayır,,Yok,1,
9.950.000TL,Erzene Mahallesi,13 Kasım 2025,Daire,85 m²,95 m²,1+1,0 (Yeni),2.Kat,5.0,Yerden Isıtma,Boş,Krediye Uygun,Kat İrtifakı,Hayır,,Var,2,
4.750.000TL,Zafer Mahallesi,14 Kasım 2025,Müstakil Ev,100 m²,128 m²,2+1,21 Ve Üzeri,,1.0,Kombi Doğalgaz,Boş,Krediye Uygun,Müstakil Tapulu,Hayır,Boş,Yok,1,
4.150.000TL,Kazımdirik Mahallesi,16 Kasım 2025,Daire,35 m²,45 m²,Stüdyo,5-10,3.Kat,6.0,Merkezi (Pay Ölçer),Kiracı Oturuyor,Krediye Uygun,Kat İrtifakı,Evet,Eşyalı,Yok,1,
10.500.000TL,Meriç Mahallesi,19 Kasım 2025,Daire,125 m²,140 m²,3+1,4,2.Kat,10.0,Merkezi (Pay Ölçer),Mülk Sahibi Oturuyor,Krediye Uygun,Kat İrtifakı,Hayır,,Yok,2,
4.250.000TL,Kızılay Mahallesi,03 Kasım 2025,Daire,48 m²,55 m²,1+1,0 (Yeni),3.Kat,4.0,Kombi Doğalgaz,Boş,Krediye Uygun,Kat İrtifakı,Hayır,Boş,Var,1,1.0
2.550.000TL,Zafer Mahallesi,22 Kasım 2025,Daire,85 m²,90 m²,2+1,21 Ve Üzeri,Yüksek Giriş,3.0,Isıtma Yok,Boş,Krediye Uygun,Kat Mülkiyeti,Hayır,Boş,Yok,1,
3.300.000TL,Sarnıçköy Mahallesi,12 Kasım 2025,Müstakil Ev,120 m²,256 m²,2+1,21 Ve Üzeri,,2.0,Sobalı,Boş,Krediye Uygun Değil,Müstakil Tapulu,Hayır,,Yok,1,
2.600.000TL,Tuna Mahallesi,25 Kasım 2025,Daire,72 m²,75 m²,2+1,16-20,3.Kat,4.0,Merkezi Doğalgaz,Mülk Sahibi Oturuyor,Krediye Uygun Değil,Hisseli Tapu,Hayır,,,1,
14.450.000TL,Erzene Mahallesi,30 Ekim 2025,Daire,200 m²,250 m²,3+1,11-15,4.Kat,4.0,Kombi Doğalgaz,Mülk Sahibi Oturuyor,Krediye Uygun,Kat Mülkiyeti,Hayır,Eşyalı,Yok,3,
,,,,,,,,,,,,,,,,,,
7.500.000TL,Ergene Mahallesi,14 Kasım 2025,Daire,151 m²,175 m²,3+1,21 Ve Üzeri,5.Kat,5.0,Kombi Doğalgaz,Mülk Sahibi Oturuyor,Krediye Uygun,Kat Mülkiyeti,Hayır,,,2,
8.149.000TL,Kemalpaşa Mahallesi,15 Kasım 2025,Daire,98 m²,110 m²,3+1,0 (Yeni),Düz Giriş (Zemin),4.0,Yerden Isıtma,Boş,Krediye Uygun Değil,Kat Mülkiyeti,Evet,Boş,Yok,2,
2.700.000TL,Atatürk Mahallesi,03 Kasım 2025,Daire,40 m²,44 m²,1+1,21 Ve Üzeri,3.Kat,4.0,Kombi Doğalgaz,Boş,Krediye Uygun Değil,Kat İrtifakı,Hayır,Boş,Yok,1,
7.200.000TL,Yeşilova Mahallesi,03 Kasım 2025,Daire,97 m²,123 m²,2+1,5-10,13.Kat,14.0,Merkezi (Pay Ölçer),Kiracı Oturuyor,Krediye Uygun,Kat Mülkiyeti,Evet,Boş,Yok,2,
3.350.000TL,Gürpınar Mahallesi,30 Ekim 2025,Daire,110 m²,120 m²,3+1,21 Ve Üzeri,5.Kat,5.0,Kombi Doğalgaz,Mülk Sahibi Oturuyor,Krediye Uygun,Kat Mülkiyeti,Hayır,,Yok,1,1.0
5.000.000TL,Ergene Mahallesi,21 Kasım 2025,Daire,127 m²,140 m²,3+1,21 Ve Üzeri,7.Kat,8.0,Merkezi Doğalgaz,Boş,Krediye Uygun,Kat İrtifakı,Hayır,,Yok,1,
14.800.000TL,Erzene Mahallesi,18 Kasım 2025,Daire,140 m²,160 m²,3+1,16-20,3.Kat,4.0,Merkezi (Pay Ölçer),Boş,Krediye Uygun,Kat Mülkiyeti,Hayır,,Yok,2,
14.000.000TL,Kızılay Mahallesi,27 Kasım 2025,Daire,215 m²,240 m²,3+2,3,4.Kat,5.0,Kombi Doğalgaz,Kiracı Oturuyor,Krediye Uygun,Kat Mülkiyeti,Hayır,Boş,Yok,3,
4.650.000TL,Kazımdirik Mahallesi,17 Kasım 2025,Daire,90 m²,105 m²,2+1,21 Ve Üzeri,Yüksek Giriş,8.0,Isıtma Yok,Boş,Bilinmiyor,Kat Mülkiyeti,Hayır,,Yok,1,
3.900.000TL,Atatürk Mahallesi,08 Kasım 2025,Daire,50 m²,55 m²,1+1,0 (Yeni),1.Kat,3.0,Kombi Doğalgaz,Boş,Krediye Uygun,Kat Mülkiyeti,Hayır,Boş,Yok,1,
6.900.000TL,Kazımdirik Mahallesi,17 Kasım 2025,Daire,44 m²,56 m²,1+1,4,2.Kat,5.0,Merkezi (Pay Ölçer),Boş,Bilinmiyor,Kat Mülkiyeti,Hayır,,Yok,1,
5.500.000TL,Kazımdirik Mahallesi,25 Kasım 2025,Daire,31 m²,55 m²,1+1,0 (Yeni),3.Kat,8.0,Merkezi (Pay Ölçer),Boş,Krediye Uygun Değil,Kat Mülkiyeti,Evet,Boş,Var,1,
3.450.000TL,Atatürk Mahallesi,15 Kasım 2025,Daire,80 m²,85 m²,2+1,16-20,Düz Giriş (Zemin),6.0,Kombi Doğalgaz,Boş,Krediye Uygun Değil,Kat İrtifakı,Hayır,,,1,
4.200.000TL,Mevlana Mahallesi,24 Kasım 2025,Daire,40 m²,50 m²,1+1,4,4.Kat,7.0,Merkezi (Pay Ölçer),Boş,Krediye Uygun,Kat Mülkiyeti,Hayır,Boş,Yok,1,
7.250.000TL,Birlik Mahallesi,18 Kasım 2025,Daire,120 m²,135 m²,3+1,5-10,10.Kat,13.0,Kombi Doğalgaz,Mülk Sahibi Oturuyor,Krediye Uygun,Müstakil Tapulu,Evet,Boş,Var,2,
3.350.000TL,Rafet Paşa Mahallesi,27 Kasım 2025,Daire,85 m²,90 m²,2+1,5-10,5.Kat,5.0,Kombi Doğalgaz,Mülk Sahibi Oturuyor,Krediye Uygun,Kat Mülkiyeti,Hayır,Boş,Yok,1,1.0
15.000.000TL,Evka 3 Mahallesi,31 Ekim 2025,Daire,160 m²,180 m²,4+1,11-15,3.Kat,4.0,Klimalı,Boş,Krediye Uygun,Kat Mülkiyeti,Evet,,,2,
3.600.000TL,İnönü Mahallesi,28 Kasım 2025,Daire,80 m²,85 m²,2+1,21 Ve Üzeri,Villa Tipi,3.0,Klimalı,Boş,Krediye Uygun,Kat Mülkiyeti,Hayır,,Yok,2,
12.500.000TL,Kazımdirik Mahallesi,07 Kasım 2025,Daire,85 m²,120 m²,2+1,21 Ve Üzeri,3.Kat,12.0,Klimalı,Boş,Krediye Uygun,Kat İrtifakı,Hayır,,Var,2,
3.750.000TL,Evka 4 Mahallesi,17 Kasım 2025,Daire,75 m²,80 m²,2+1,21 Ve Üzeri,Kot 1 (-1).Kat,9.0,Kombi Doğalgaz,Kiracı Oturuyor,Krediye Uygun,Kat Mülkiyeti,Hayır,Boş,Yok,1,
4.300.000TL,Kazımdirik Mahallesi,20 Kasım 2025,Daire,105 m²,110 m²,3+1,21 Ve Üzeri,3.Kat,4.0,Kombi Doğalgaz,Boş,Krediye Uygun Değil,Kat Mülkiyeti,Hayır,Boş,Yok,1,
12.750.000TL,Barbaros Mahallesi,26 Kasım 2025,Daire,135 m²,145 m²,3+1,4,23.Kat,36.0,Merkezi Doğalgaz,Boş,Krediye Uygun,Kat Mülkiyeti,Evet,,,2,
2.850.000TL,Serintepe Mahallesi,24 Kasım 2025,Müstakil Ev,265 m²,280 m²,2+1,21 Ve Üzeri,,4.0,Isıtma Yok,Kiracı Oturuyor,Bilinmiyor,Müstakil Tapulu,Hayır,,Yok,2,
14.850.000TL,Erzene Mahallesi,18 Kasım 2025,Daire,112 m²,135 m²,3+1,0 (Yeni),3.Kat,5.0,Yerden Isıtma,Boş,Krediye Uygun,Kat İrtifakı,Hayır,,Var,2,
5.300.000TL,Birlik Mahallesi,27 Kasım 2025,Bina,200 m²,242 m²,4+2,21 Ve Üzeri,,2.0,Klimalı,Mülk Sahibi Oturuyor,Krediye Uygun,Müstakil Tapulu,Hayır,Eşyalı,Yok,2,2.0
4.900.000TL,Karacaoğlan Mahallesi,07 Kasım 2025,Daire,118 m²,130 m²,2+1,21 Ve Üzeri,Yüksek Giriş,4.0,Kombi Doğalgaz,Mülk Sahibi Oturuyor,Krediye Uygun Değil,Kat Mülkiyeti,Hayır,Boş,Yok,1,
9.400.000TL,Kazımdirik Mahallesi,30 Ekim 2025,Daire,65 m²,75 m²,2+1,1,1.Kat,8.0,Merkezi (Pay Ölçer),Boş,Krediye Uygun Değil,Kat İrtifakı,Evet,Boş,Yok,2,
7.500.000TL,Mevlana Mahallesi,17 Kasım 2025,Daire,150 m²,180 m²,3+1,4,2.Kat,3.0,Kombi Doğalgaz,Boş,Krediye Uygun,Kat Mülkiyeti,Hayır,Boş,Var,2,
4.350.000TL,Kazımdirik Mahallesi,25 Kasım 2025,Daire,98 m²,105 m²,3+1,21 Ve Üzeri,3.Kat,4.0,Isıtma Yok,Boş,Krediye Uygun,Kat İrtifakı,Hayır,,Yok,1,
5.000.000TL,Erzene Mahallesi,26 Kasım 2025,Daire,73 m²,82 m²,2+1,0 (Yeni),5.Kat,5.0,Kombi Doğalgaz,Boş,Krediye Uygun,Kat İrtifakı,Hayır,Boş,Var,1,
4.250.000TL,Mevlana Mahallesi,13 Kasım 2025,Daire,40 m²,50 m²,1+1,0 (Yeni),5.Kat,6.0,Kombi Doğalgaz,Boş,Bilinmiyor,Kat İrtifakı,Hayır,,Yok,1,
3.500.000TL,Mevlana Mahallesi,25 Kasım 2025,Daire,120 m²,135 m²,3+1,21 Ve Üzeri,1.Kat,4.0,Kombi Doğalgaz,Mülk Sahibi Oturuyor,Krediye Uygun,Kat Mülkiyeti,Hayır,Boş,Yok,1,2.0
4.550.000TL,Atatürk Mahallesi,31 Ekim 2025,Müstakil Ev,75 m²,85 m²,2+1,5-10,,2.0,Kombi Doğalgaz,Mülk Sahibi Oturuyor,Krediye Uygun,Müstakil Tapulu,Hayır,,,1,
11.500.000TL,Kızılay Mahallesi,22 Kasım 2025,Villa,125 m²,170 m²,4+1,0 (Yeni),,3.0,Kombi Doğalgaz,Boş,Krediye Uygun,Kat İrtifakı,Hayır,Boş,Yok,2,
3.950.000TL,Gazi Osman Paşa Mahallesi,30 Ekim 2025,Daire,75 m²,80 m²,2+1,21 Ve Üzeri,Düz Giriş (Zemin),4.0,Kombi Doğalgaz,Boş,Krediye Uygun,Kat Mülkiyeti,Hayır,Boş,Var,2,
5.550.000TL,Erzene Mahallesi,08 Kasım 2025,Daire,110 m²,140 m²,3+1,21 Ve Üzeri,5.Kat,6.0,Kombi Doğalgaz,Boş,Krediye Uygun,Kat Mülkiyeti,Hayır,Boş,Yok,2,
5.800.000TL,Rafet Paşa Mahallesi,14 Kasım 2025,Daire,110 m²,120 m²,2+1,16-20,2.Kat,4.0,Kombi Doğalgaz,Mülk Sahibi Oturuyor,Krediye Uygun,Kat İrtifakı,Hayır,,,2,
3.250.000TL,Birlik Mahallesi,26 Kasım 2025,Daire,97 m²,107 m²,3+1,21 Ve Üzeri,3.Kat,3.0,Klimalı,Kiracı Oturuyor,Krediye Uygun,Kat Mülkiyeti,Hayır,,,1,
3.750.000TL,Atatürk Mahallesi,05 Kasım 2025,Daire,42 m²,55 m²,1+1,0 (Yeni),2.Kat,2.0,Kombi Doğalgaz,Boş,Bilinmiyor,Kat İrtifakı,Hayır,Boş,Var,1,
1.300.000TL,Kızılay Mahallesi,03 Kasım 2025,Daire,37 m²,55 m²,1+1,21 Ve Üzeri,Bahçe Katı,1.0,Isıtma Yok,Boş,Bilinmiyor,Hisseli Tapu,Hayır,,,1,
13.000.000TL,Egemenlik Mahallesi,11 Kasım 2025,Müstakil Ev,750 m²,800 m²,2+1,21 Ve Üzeri,,3.0,Sobalı,Kiracı Oturuyor,Bilinmiyor,Arsa Tapulu,Hayır,,Yok,1,
7.750.000TL,Erzene Mahallesi,06 Kasım 2025,Daire,61 m²,86 m²,2+1,0 (Yeni),2.Kat,5.0,Kombi Doğalgaz,Boş,Krediye Uygun,Kat Mülkiyeti,Hayır,Boş,,1,1.0
4.650.000TL,Atatürk Mahallesi,01 Kasım 2025,Daire,98 m²,100 m²,3+1,21 Ve Üzeri,2.Kat,2.0,Kombi Doğalgaz,Boş,Krediye Uygun,Kat Mülkiyeti,Hayır,,,1,
4.000.000TL,Kazımdirik Mahallesi,05 Kasım 2025,Daire,95 m²,110 m²,3+1,21 Ve Üzeri,4.Kat,4.0,Kombi Doğalgaz,Kiracı Oturuyor,Krediye Uygun,Kat İrtifakı,Hayır,,Var,1,
3.750.000TL,Barbaros Mahallesi,26 Kasım 2025,Daire,30 m²,35 m²,1 Oda,4,1.Kat,36.0,Merkezi Doğalgaz,Mülk Sahibi Oturuyor,Krediye Uygun,Kat Mülkiyeti,Evet,,,1,
3.900.000TL,Kızılay Mahallesi,06 Kasım 2025,Daire,47 m²,58 m²,1+1,4,Kot 2 (-2).Kat,5.0,Kombi Doğalgaz,Boş,Krediye Uygun,Kat Mülkiyeti,Hayır,Boş,Var,1,1.0
6.600.000TL,Çınar Mahallesi,26 Kasım 2025,Müstakil Ev,100 m²,107 m²,2+1,21 Ve Üzeri,,3.0,Sobalı,Kiracı Oturuyor,Krediye Uygun,Müstakil Tapulu,Hayır,Boş,Yok,1,
8.600.000TL,Erzene Mahallesi,08 Kasım 2025,Daire,88 m²,98 m²,2+1,3,4.Kat,5.0,Kombi Doğalgaz,Boş,Krediye Uygun,Kat İrtifakı,Hayır,Eşyalı,Yok,2,
5.700.000TL,Mevlana Mahallesi,18 Kasım 2025,Daire,98 m²,110 m²,3+1,5-10,1.Kat,2.0,Kombi Doğalgaz,Mülk Sahibi Oturuyor,Krediye Uygun Değil,Kat İrtifakı,Hayır,Boş,Yok,1,
7.750.000TL,Kazımdirik Mahallesi,30 Ekim 2025,Daire,150 m²,170 m²,4+1,21 Ve Üzeri,2.Kat,8.0,Kombi Doğalgaz,Mülk Sahibi Oturuyor,Krediye Uygun,Kat İrtifakı,Hayır,Boş,Yok,2,
2.000.000TL,Kızılay Mahallesi,26 Kasım 2025,Daire,24 m²,45 m²,Stüdyo,2,Yüksek Giriş,2.0,Isıtma Yok,Boş,Krediye Uygun,Kat İrtifakı,Hayır,Boş,Var,1,
4.250.000TL,Kemalpaşa Mahallesi,08 Kasım 2025,Daire,135 m²,145 m²,3+1,21 Ve Üzeri,4.Kat,5.0,Kombi Doğalgaz,Mülk Sahibi Oturuyor,Krediye Uygun,Kat Mülkiyeti,Hayır,Boş,Var,2,
4.395.000TL,Kemalpaşa Mahallesi,13 Kasım 2025,Daire,56 m²,62 m²,2+1,0 (Yeni),1.Kat,4.0,Kombi Doğalgaz,Boş,Krediye Uygun,Kat İrtifakı,Hayır,Boş,Yok,1,
12.000.000TL,Ergene Mahallesi,24 Kasım 2025,Bina,149 m²,165 m²,2+1,21 Ve Üzeri,,3.0,Kombi Doğalgaz,Boş,Bilinmiyor,Müstakil Tapulu,Hayır,Boş,Yok,Yok,
5.950.000TL,Erzene Mahallesi,27 Kasım 2025,Daire,127 m²,135 m²,3+1,21 Ve Üzeri,5.Kat,6.0,Kombi Doğalgaz,Boş,Krediye Uygun,Kat Mülkiyeti,Hayır,,Yok,1,
5.000.000TL,Yakaköy Mahallesi,09 Kasım 2025,Müstakil Ev,90 m²,500 m²,2+1,2,,1.0,Sobalı,Boş,Krediye Uygun Değil,Hisseli Tapu,Hayır,Eşyalı,Var,1,
10.900.000TL,Rafet Paşa Mahallesi,27 Kasım 2025,Daire,145 m²,183 m²,3+1,21 Ve Üzeri,6.Kat,16.0,Merkezi (Pay Ölçer),Kiracı Oturuyor,Krediye Uygun,Kat İrtifakı,Hayır,,Yok,2,
3.900.000TL,Kazımdirik Mahallesi,19 Kasım 2025,Daire,30 m²,45 m²,1+1,21 Ve Üzeri,3.Kat,5.0,Kombi Doğalgaz,Kiracı Oturuyor,Krediye Uygun,Kat İrtifakı,Hayır,,Yok,1,
8.250.000TL,Kazımdirik Mahallesi,10 Kasım 2025,Daire,46 m²,58 m²,1+1,21 Ve Üzeri,2.Kat,28.0,Merkezi (Pay Ölçer),Kiracı Oturuyor,Bilinmiyor,Kat Mülkiyeti,Hayır,,Yok,1,
8.750.000TL,Kazımdirik Mahallesi,18 Kasım 2025,Daire,80 m²,85 m²,2+1,21 Ve Üzeri,2.Kat,6.0,Kombi Doğalgaz,Boş,Krediye Uygun,Kat Mülkiyeti,Hayır,Eşyalı,Yok,1,
4.750.000TL,Tuna Mahallesi,20 Kasım 2025,Bina,360 m²,361 m²,3+1,21 Ve Üzeri,,2.0,Klimalı,Boş,Bilinmiyor,Müstakil Tapulu,Hayır,,Yok,Yok,
1.800.000TL,Merkez Mahallesi,27 Kasım 2025,Müstakil Ev,120 m²,130 m²,2+1,21 Ve Üzeri,,1.0,Klimalı,Kiracı Oturuyor,Krediye Uygun,Müstakil Tapulu,Hayır,Boş,Yok,1,1.0
5.175.000TL,Kazımdirik Mahallesi,03 Kasım 2025,Daire,45 m²,60 m²,1+1,5-10,6.Kat,7.0,VRV,Boş,Krediye Uygun,Kat İrtifakı,Evet,Eşyalı,Yok,1,
3.700.000TL,Koşukavak Mahallesi,03 Kasım 2025,Daire,120 m²,149 m²,3+1,21 Ve Üzeri,Yüksek Giriş,3.0,Isıtma Yok,Boş,Krediye Uygun,Kat Mülkiyeti,Hayır,Boş,Yok,1,
5.950.000TL,Erzene Mahallesi,27 Kasım 2025,Daire,145 m²,150 m²,4+1,21 Ve Üzeri,7.Kat,7.0,Kombi Doğalgaz,Kiracı Oturuyor,Krediye Uygun,Kat İrtifakı,Hayır,,Yok,1,
4.600.000TL,Yıldırım Beyazıt Mahallesi,14 Kasım 2025,Müstakil Ev,100 m²,111 m²,3+1,16-20,,3.0,Klimalı,Kiracı Oturuyor,Bilinmiyor,Müstakil Tapulu,Hayır,,,1,
3.695.000TL,Kazımdirik Mahallesi,21 Kasım 2025,Daire,87 m²,105 m²,2+1,21 Ve Üzeri,4.Kat,4.0,Kombi Doğalgaz,Mülk Sahibi Oturuyor,Krediye Uygun,Kat İrtifakı,Hayır,Boş,Yok,1,
4.190.000TL,Koşukavak Mahallesi,20 Kasım 2025,Daire,41 m²,58 m²,1+1,1,12.Kat,24.0,Merkezi (Pay Ölçer),Kiracı Oturuyor,Bilinmiyor,Kat İrtifakı,Hayır,,Var,1,
5.250.000TL,Kızılay Mahallesi,22 Kasım 2025,Daire,125 m²,135 m²,2+1,21 Ve Üzeri,3.Kat,3.0,Kombi Doğalgaz,Mülk Sahibi Oturuyor,Krediye Uygun Değil,Kat Mülkiyeti,Hayır,Boş,Yok,1,
10.600.000TL,İnönü Mahallesi,14 Kasım 2025,Daire,155 m²,165 m²,3+1,21 Ve Üzeri,3.Kat,3.0,Kombi Doğalgaz,Mülk Sahibi Oturuyor,Krediye Uygun,Kat Mülkiyeti,Hayır,,Var,2,
4.800.000TL,Erzene Mahallesi,30 Ekim 2025,Daire,85 m²,90 m²,2+1,11-15,Yüksek Giriş,6.0,Kombi Doğalgaz,Boş,Krediye Uygun,Kat Mülkiyeti,Hayır,Eşyalı,Yok,2,
4.500.000 TL,Kızılay Mahallesi,27 Kasım 2025,Daire,75 m²,80 m²,2+1,0 (Yeni),Yüksek Giriş,2.0,Kombi Doğalgaz,Boş,Krediye Uygun,Kat Mülkiyeti,Hayır,Boş,Yok,1,
6.800.000 TL,Yeşilova Mahallesi,24 Ekim 2025,Daire,80 m²,90 m²,2+1,11-15,3.Kat,9.0,Merkezi (Pay Ölçer),Kiracı Oturuyor,Krediye Uygun,Kat İrtifakı,Evet,Boş,Yok,2,
3.750.000 TL,Kızılay Mahallesi,27 Kasım 2025,Daire,55 m²,60 m²,1+1,0 (Yeni),1.Kat,1.0,Kombi Doğalgaz,Boş,Krediye Uygun,Kat İrtifakı,Hayır,Boş,Yok,1,
3.650.000 TL,Atatürk Mahallesi,30 Ekim 2025,Daire,75 m²,85 m²,2+1,16-20,Düz Giriş (Zemin),5.0,Kombi Doğalgaz,Mülk Sahibi Oturuyor,Krediye Uygun,Kat İrtifakı,Evet,Boş,Var,1,
5.750.000 TL,Doğanlar Mahallesi,09 Ekim 2025,Daire,80 m²,95 m²,2+1,5-10,5.Kat,9.0,Merkezi (Pay Ölçer),Mülk Sahibi Oturuyor,Krediye Uygun,Kat İrtifakı,Hayır,Boş,Yok,1,
6.450.000 TL,Yeşilova Mahallesi,19 Kasım 2025,Daire,100 m²,115 m²,2+1,5-10,1.Kat,9.0,Merkezi Doğalgaz,Kiracı Oturuyor,Krediye Uygun,Kat Mülkiyeti,Evet,Boş,Yok,2,2.0
25.500.000 TL,Atatürk Mahallesi,18 Ekim 2025,Villa,120 m²,150 m²,4+1,3,,3.0,Kombi Doğalgaz,Mülk Sahibi Oturuyor,Krediye Uygun,Müstakil Tapulu,Hayır,Boş,Yok,2,
3.300.000 TL,Yeşilova Mahallesi,24 Eylül 2025,Daire,48 m²,57 m²,1+1,5-10,8.Kat,47.0,Merkezi Doğalgaz,Boş,Krediye Uygun,Kat İrtifakı,Evet,,,1,
7.500.000 TL,Çınar Mahallesi,16 Ekim 2025,Bina,95 m²,109 m²,6+3,21 Ve Üzeri,,2.0,Kombi Doğalgaz,Boş,Krediye Uygun Değil,Müstakil Tapulu,Hayır,,Var,3,
7.750.000 TL,Kazımdirik Mahallesi,24 Ekim 2025,Daire,65 m²,70 m²,2+1,0 (Yeni),4.Kat,4.0,Kombi Doğalgaz,Boş,Krediye Uygun,Kat İrtifakı,Hayır,Boş,Yok,1,
4.500.000 TL,İnönü Mahallesi,22 Ekim 2025,Daire,130 m²,140 m²,2+1,11-15,Bodrum Kat,6.0,Kombi Doğalgaz,Boş,Krediye Uygun,Kat Mülkiyeti,Hayır,,Yok,2,
3.940.000 TL,Kızılay Mahallesi,27 Eylül 2025,Daire,85 m²,90 m²,2+1,0 (Yeni),Düz Giriş (Zemin),5.0,Isıtma Yok,Boş,Krediye Uygun,Kat İrtifakı,Hayır,Boş,Yok,1,
10.750.000 TL,Atatürk Mahallesi,25 Kasım 2025,Bina,200 m²,300 m²,6+2,21 Ve Üzeri,,2.0,Kombi Doğalgaz,Boş,Bilinmiyor,Arsa Tapulu,Hayır,Boş,Var,2,2.0
4.750.000 TL,Barbaros Mahallesi,07 Ekim 2025,Daire,70 m²,75 m²,2+1,0 (Yeni),3.Kat,11.0,Merkezi (Pay Ölçer),Boş,Krediye Uygun,Kat İrtifakı,Hayır,Boş,Yok,1,
4.250.000 TL,Kızılay Mahallesi,18 Ekim 2025,Daire,75 m²,80 m²,2+1,0 (Yeni),1.Kat,2.0,Kombi Doğalgaz,Boş,Krediye Uygun,Kat Mülkiyeti,Hayır,Boş,Yok,1,
6.250.000 TL,Kazımdirik Mahallesi,03 Kasım 2025,Daire,40 m²,50 m²,1+1,4,3.Kat,9.0,Merkezi (Pay Ölçer),Boş,Krediye Uygun,Kat Mülkiyeti,Evet,Eşyalı,Yok,1,
3.290.000 TL,Yeşilova Mahallesi,20 Kasım 2025,Daire,50 m²,62 m²,1+1,5-10,6.Kat,9.0,Isıtma Yok,Boş,Krediye Uygun,Kat İrtifakı,Hayır,Boş,Yok,1,1.0
5.000.000 TL,Ergene Mahallesi,16 Eylül 2025,Daire,128 m²,140 m²,3+1,21 Ve Üzeri,7.Kat,8.0,Merkezi Doğalgaz,Boş,Krediye Uygun,Kat İrtifakı,Evet,,,1,
4.260.000 TL,Rafet Paşa Mahallesi,13 Ekim 2025,Daire,100 m²,120 m²,2+1,21 Ve Üzeri,1.Kat,3.0,Kombi Doğalgaz,Boş,Krediye Uygun,Kat Mülkiyeti,Hayır,Boş,Yok,1,
14.000.000 TL,Atatürk Mahallesi,13 Ekim 2025,Villa,110 m²,210 m²,3+1,0 (Yeni),,3.0,Kombi Doğalgaz,Boş,Krediye Uygun,Kat İrtifakı,Hayır,Boş,Var,2,
2.990.000 TL,Barbaros Mahallesi,09 Ekim 2025,Daire,28 m²,40 m²,Stüdyo,4,17.Kat,30.0,Merkezi (Pay Ölçer),Kiracı Oturuyor,Krediye Uygun,Kat Mülkiyeti,Evet,Eşyalı,Yok,1,
4.200.000 TL,Yeşilova Mahallesi,25 Eylül 2025,Daire,69 m²,86 m²,2+1,5-10,8.Kat,45.0,Merkezi (Pay Ölçer),Boş,Krediye Uygun,Kat İrtifakı,Evet,,,2,
10.000.000 TL,Yeşilova Mahallesi,22 Eylül 2025,Daire,115 m²,140 m²,3+1,5-10,25.Kat,45.0,Merkezi (Pay Ölçer),Boş,Krediye Uygun,Kat İrtifakı,Evet,,,2,
5.500.000 TL,Kazımdirik Mahallesi,27 Kasım 2025,Daire,90 m²,105 m²,2+1,0 (Yeni),Bahçe Katı,8.0,Klimalı,Boş,Krediye Uygun,Kat Mülkiyeti,Evet,Eşyalı,Yok,1,
3.350.000 TL,Doğanlar Mahallesi,04 Ekim 2025,Daire,90 m²,95 m²,2+1,16-20,3.Kat,3.0,Kombi Doğalgaz,Mülk Sahibi Oturuyor,Krediye Uygun,Kat Mülkiyeti,Hayır,Boş,Var,1,
4.950.000 TL,Barbaros Mahallesi,19 Eylül 2025,Daire,51 m²,68 m²,1+1,5-10,30.Kat,30.0,Merkezi (Pay Ölçer),Kiracı Oturuyor,Krediye Uygun,Kat Mülkiyeti,Evet,Eşyalı,Yok,1,
4.600.000 TL,Yakaköy Mahallesi,08 Ekim 2025,Müstakil Ev,140 m²,150 m²,4+1,2,,2.0,Sobalı,Mülk Sahibi Oturuyor,Krediye Uygun Değil,Müstakil Tapulu,Hayır,Boş,Yok,1,
7.350.000 TL,Mevlana Mahallesi,10 Ekim 2025,Daire,120 m²,130 m²,3+1,5-10,7.Kat,7.0,Merkezi (Pay Ölçer),Kiracı Oturuyor,Krediye Uygun,Kat Mülkiyeti,Evet,Boş,Yok,2,
6.150.000 TL,Ergene Mahallesi,09 Ekim 2025,Daire,70 m²,75 m²,2+1,5-10,4.Kat,4.0,Kombi Doğalgaz,Boş,Krediye Uygun,Kat İrtifakı,Hayır,Boş,Yok,1,
4.500.000 TL,Kazımdirik Mahallesi,05 Ekim 2025,Daire,100 m²,110 m²,3+1,21 Ve Üzeri,6.Kat,7.0,Kombi Doğalgaz,Kiracı Oturuyor,Krediye Uygun,Kat Mülkiyeti,Hayır,,,1,
3.750.000 TL,Atatürk Mahallesi,22 Ekim 2025,Daire,50 m²,55 m²,1+1,0 (Yeni),2.Kat,4.0,Isıtma Yok,Boş,Krediye Uygun,Kat Mülkiyeti,Hayır,,Var,1,
3.900.000 TL,Yakaköy Mahallesi,08 Ekim 2025,Müstakil Ev,140 m²,150 m²,3+1,2,,2.0,Sobalı,Mülk Sahibi Oturuyor,Krediye Uygun Değil,Hisseli Tapu,Hayır,Eşyalı,Var,2,
8.500.000 TL,Erzene Mahallesi,10 Ekim 2025,Daire,110 m²,135 m²,3+1,21 Ve Üzeri,Bahçe Katı,3.0,Kombi Doğalgaz,Boş,Krediye Uygun,Kat Mülkiyeti,Hayır,Eşyalı,Var,1,
15.500.000 TL,Çiçekli Mahallesi,21 Ekim 2025,Villa,225 m²,250 m²,5+2,5-10,,2.0,Klimalı,Mülk Sahibi Oturuyor,Krediye Uygun Değil,Arsa Tapulu,Hayır,Boş,Yok,2,2.0
3.500.000 TL,Mevlana Mahallesi,08 Ekim 2025,Daire,65 m²,70 m²,2+1,5-10,2.Kat,3.0,Klimalı,Kiracı Oturuyor,Krediye Uygun,Kat İrtifakı,Hayır,Eşyalı,Var,1,
3.300.000 TL,Mevlana Mahallesi,15 Kasım 2025,Daire,45 m²,50 m²,1+1,0 (Yeni),2.Kat,3.0,Kombi Doğalgaz,Boş,Krediye Uygun,Kat İrtifakı,Hayır,Boş,Yok,1,
1.575.000 TL,Gürpınar Mahallesi,08 Ekim 2025,Daire,90 m²,110 m²,2+1,16-20,Düz Giriş (Zemin),4.0,Klimalı,Mülk Sahibi Oturuyor,Krediye Uygun Değil,Arsa Tapulu,Hayır,Boş,Yok,1,
2.750.000 TL,Ergene Mahallesi,13 Ekim 2025,Daire,72 m²,85 m²,2+1,21 Ve Üzeri,Bahçe Katı,5.0,Isıtma Yok,Boş,Krediye Uygun,Kat Mülkiyeti,Hayır,,,1,1.0
2.250.000 TL,Gürpınar Mahallesi,27 Kasım 2025,Daire,70 m²,100 m²,1+1,21 Ve Üzeri,2.Kat,2.0,Isıtma Yok,Boş,Bilinmiyor,Kat İrtifakı,Hayır,Boş,Yok,1,
2.950.000 TL,Erzene Mahallesi,01 Ekim 2025,Daire,60 m²,65 m²,2+1,21 Ve Üzeri,2.Kat,4.0,Klimalı,Kiracı Oturuyor,Krediye Uygun,Kat Mülkiyeti,Hayır,Boş,Var,1,
2.990.000 TL,Zafer Mahallesi,03 Kasım 2025,Daire,70 m²,88 m²,2+1,21 Ve Üzeri,1.Kat,1.0,Kombi Doğalgaz,Boş,Krediye Uygun,Kat Mülkiyeti,Hayır,Boş,Yok,1,
4.250.000 TL,Ergene Mahallesi,28 Kasım 2025,Daire,90 m²,105 m²,3+1,21 Ve Üzeri,2.Kat,4.0,Isıtma Yok,Boş,Krediye Uygun,Kat İrtifakı,Hayır,Boş,Var,1,
19.500.000 TL,Atatürk Mahallesi,22 Eylül 2025,Villa,252 m²,270 m²,7+2,21 Ve Üzeri,,3.0,Kombi Doğalgaz,Boş,Krediye Uygun,Kat Mülkiyeti,Hayır,Boş,Yok,3,
3.600.000 TL,Yeşilova Mahallesi,22 Eylül 2025,Daire,48 m²,55 m²,1+1,5-10,25.Kat,30.0,Merkezi (Pay Ölçer),Boş,Krediye Uygun,Kat İrtifakı,Evet,Boş,Yok,1,
1.600.000 TL,Serintepe Mahallesi,06 Kasım 2025,Daire,68 m²,71 m²,2+1,21 Ve Üzeri,Düz Giriş (Zemin),3.0,Isıtma Yok,Boş,Krediye Uygun Değil,Hisseli Tapu,Hayır,Boş,Yok,1,
10.500.000 TL,Yeşilova Mahallesi,23 Kasım 2025,Daire,150 m²,165 m²,4+1,16-20,1.Kat,4.0,Kombi Doğalgaz,Mülk Sahibi Oturuyor,Krediye Uygun,Kat İrtifakı,Hayır,Boş,Yok,2,
8.500.000 TL,Erzene Mahallesi,10 Ekim 2025,Daire,120 m²,135 m²,3+1,5-10,5.Kat,5.0,Kombi Doğalgaz,Kiracı Oturuyor,Krediye Uygun,Kat Mülkiyeti,Hayır,Boş,Yok,1,
4.590.000 TL,Rafet Paşa Mahallesi,17 Eylül 2025,Daire,36 m²,60 m²,1+1,3,7.Kat,25.0,VRV,Boş,Krediye Uygun,Kat İrtifakı,Evet,Boş,Yok,1,
2.550.000 TL,Yakaköy Mahallesi,19 Ekim 2025,Müstakil Ev,100 m²,345 m²,2+1,5-10,,1.0,Klimalı,Mülk Sahibi Oturuyor,Krediye Uygun Değil,Hisseli Tapu,Hayır,Boş,Yok,1,
7.750.000 TL,Gürpınar Mahallesi,27 Ekim 2025,Daire,94 m²,104 m²,1+1,11-15,3.Kat,3.0,Kombi Doğalgaz,Mülk Sahibi Oturuyor,Krediye Uygun,Kat Mülkiyeti,Hayır,Boş,Yok,1,2.0
11.200.000 TL,Atatürk Mahallesi,19 Ekim 2025,Müstakil Ev,140 m²,165 m²,4+1,0 (Yeni),,3.0,Kombi Doğalgaz,Boş,Krediye Uygun,Kat Mülkiyeti,Hayır,Boş,Var,2,
4.750.000 TL,Atatürk Mahallesi,29 Kasım 2025,Daire,110 m²,120 m²,3+1,21 Ve Üzeri,2.Kat,4.0,Kombi Doğalgaz,Boş,Krediye Uygun,Kooperatiften Tapu,Evet,,,1,
20.500.000 TL,Yeşilova Mahallesi,10 Ekim 2025,Daire,150 m²,170 m²,3+1,0 (Yeni),12.Kat,24.0,Yerden Isıtma,Boş,Krediye Uygun,Kat Mülkiyeti,Evet,Eşyalı,Yok,2,
2.750.000 TL,Tuna Mahallesi,07 Kasım 2025,Daire,90 m²,95 m²,2+1,21 Ve Üzeri,1.Kat,3.0,Isıtma Yok,Kiracı Oturuyor,Krediye Uygun,Kat Mülkiyeti,Hayır,Boş,Yok,1,
15.500.000 TL,Çiçekli Mahallesi,09 Ekim 2025,Müstakil Ev,225 m²,250 m²,5+2,5-10,,2.0,Klimalı,Mülk Sahibi Oturuyor,Krediye Uygun Değil,Hisseli Tapu,Hayır,Boş,Yok,2,
3.800.000 TL,Mevlana Mahallesi,17 Ekim 2025,Daire,130 m²,135 m²,3+1,21 Ve Üzeri,2.Kat,3.0,Isıtma Yok,Kiracı Oturuyor,Krediye Uygun,Kat Mülkiyeti,Hayır,Boş,Yok,1,
11.000.000 TL,Kazımdirik Mahallesi,12 Ekim 2025,Daire,45 m²,140 m²,1+1,5-10,20.Kat,28.0,Merkezi (Pay Ölçer),Kiracı Oturuyor,Krediye Uygun,Kat Mülkiyeti,Evet,Eşyalı,Yok,1,
20.785.000 TL,Erzene Mahallesi,08 Ekim 2025,Daire,118 m²,152 m²,3+1,0 (Yeni),2.Kat,4.0,Merkezi (Pay Ölçer),Boş,Krediye Uygun,Kat İrtifakı,Evet,Boş,Var,2,
4.400.000 TL,Atatürk Mahallesi,16 Ekim 2025,Daire,100 m²,109 m²,2+1,21 Ve Üzeri,4.Kat,4.0,Kombi Doğalgaz,Boş,Krediye Uygun,Kat Mülkiyeti,Hayır,Boş,Yok,1,
5.400.000 TL,Erzene Mahallesi,09 Ekim 2025,Daire,62 m²,80 m²,2+1,11-15,4.Kat,5.0,Kombi Doğalgaz,Kiracı Oturuyor,Krediye Uygun,Kat Mülkiyeti,Hayır,,,1,
4.000.000 TL,Evka 4 Mahallesi,20 Kasım 2025,Daire,95 m²,98 m²,3+1,21 Ve Üzeri,3.Kat,8.0,Isıtma Yok,Kiracı Oturuyor,Krediye Uygun,Kat Mülkiyeti,Hayır,,,1,
10.900.000 TL,Atatürk Mahallesi,05 Ekim 2025,Müstakil Ev,260 m²,320 m²,6+2,21 Ve Üzeri,,2.0,Kombi Doğalgaz,Mülk Sahibi Oturuyor,Krediye Uygun,Kat Mülkiyeti,Hayır,Boş,Yok,2,
5.990.000 TL,Yeşilova Mahallesi,18 Ekim 2025,Daire,45 m²,65 m²,1+1,3,3.Kat,9.0,Kombi Doğalgaz,Kiracı Oturuyor,Krediye Uygun,Kat İrtifakı,Evet,Boş,Yok,1,
3.850.000 TL,Evka 4 Mahallesi,14 Ekim 2025,Daire,100 m²,110 m²,3+1,21 Ve Üzeri,1.Kat,9.0,Kombi Doğalgaz,Boş,Krediye Uygun Değil,Kat İrtifakı,Hayır,Boş,Yok,1,
4.950.000 TL,Kızılay Mahallesi,23 Ekim 2025,Daire,100 m²,120 m²,3+1,21 Ve Üzeri,4.Kat,4.0,Kombi Doğalgaz,Mülk Sahibi Oturuyor,Krediye Uygun,Kat İrtifakı,Hayır,,,1,
6.250.000 TL,İnönü Mahallesi,19 Ekim 2025,Daire,120 m²,180 m²,3+1,5-10,Yüksek Giriş,3.0,Kombi Doğalgaz,Boş,Bilinmiyor,Kat Mülkiyeti,Hayır,,,2,
3.150.000 TL,Kızılay Mahallesi,19 Ekim 2025,Daire,40 m²,50 m²,1+1,5-10,2.Kat,2.0,Klimalı,Kiracı Oturuyor,Krediye Uygun,Kat Mülkiyeti,Hayır,Eşyalı,Var,1,
2.500.000 TL,Kızılay Mahallesi,24 Ekim 2025,Daire,65 m²,70 m²,1+1,5-10,4.Kat,4.0,Kombi Doğalgaz,Boş,Krediye Uygun Değil,Hisseli Tapu,Hayır,Boş,Yok,1,
4.150.000 TL,İnönü Mahallesi,27 Kasım 2025,Daire,80 m²,85 m²,2+1,16-20,1.Kat,4.0,Kombi Doğalgaz,Boş,Krediye Uygun,Kat Mülkiyeti,Hayır,Boş,,1,1.0
9.500.000 TL,Erzene Mahallesi,01 Ekim 2025,Daire,85 m²,95 m²,1+1,0 (Yeni),2.Kat,5.0,Yerden Isıtma,Boş,Krediye Uygun,Kat İrtifakı,Evet,Boş,Var,2,
5.000.000 TL,Erzene Mahallesi,29 Kasım 2025,Müstakil Ev,120 m²,125 m²,3+1,16-20,,20.0,Kombi Doğalgaz,Boş,Krediye Uygun,Kooperatiften Tapu,Evet,Boş,Yok,1,1.0
13.250.000 TL,Erzene Mahallesi,30 Eylül 2025,Villa,140 m²,160 m²,3+1,21 Ve Üzeri,,2.0,Kombi Doğalgaz,Mülk Sahibi Oturuyor,Krediye Uygun,Kat Mülkiyeti,Evet,Boş,Var,1,
16.250.000 TL,Yakaköy Mahallesi,10 Ekim 2025,Müstakil Ev,240 m²,630 m²,4+1,21 Ve Üzeri,,2.0,Klimalı,Boş,Krediye Uygun,Kat İrtifakı,Hayır,Boş,Var,2,2.0
4.000.000 TL,Atatürk Mahallesi,09 Ekim 2025,Daire,70 m²,90 m²,2+1,16-20,Düz Giriş (Zemin),5.0,Kombi Doğalgaz,Boş,Krediye Uygun Değil,Kat Mülkiyeti,Hayır,Boş,Yok,2,
5.400.000 TL,Yeşilova Mahallesi,22 Eylül 2025,Daire,69 m²,86 m²,2+1,5-10,25.Kat,30.0,Merkezi (Pay Ölçer),Boş,Krediye Uygun,Kat İrtifakı,Evet,Boş,Yok,2,
5.200.000 TL,Kazımdirik Mahallesi,27 Kasım 2025,Daire,110 m²,115 m²,3+1,21 Ve Üzeri,5.Kat,5.0,Merkezi Doğalgaz,Mülk Sahibi Oturuyor,Krediye Uygun,Kat Mülkiyeti,Hayır,Boş,Yok,1,2.0
6.650.000 TL,Kazımdirik Mahallesi,05 Kasım 2025,Daire,44 m²,60 m²,1+1,0 (Yeni),1.Kat,10.0,Merkezi (Pay Ölçer),Boş,Krediye Uygun,Kat Mülkiyeti,Evet,Boş,Yok,1,
11.750.000 TL,Karacaoğlan Mahallesi,26 Kasım 2025,Daire,110 m²,157 m²,2+1,5-10,19.Kat,20.0,Merkezi (Pay Ölçer),Mülk Sahibi Oturuyor,Krediye Uygun,Kat İrtifakı,Evet,Boş,Yok,2,
3.950.000 TL,Erzene Mahallesi,10 Ekim 2025,Daire,110 m²,120 m²,3+1,21 Ve Üzeri,7.Kat,7.0,Kombi Doğalgaz,Kiracı Oturuyor,Krediye Uygun,Kat Mülkiyeti,Hayır,Boş,Yok,1,
3.450.000 TL,Mevlana Mahallesi,28 Kasım 2025,Daire,45 m²,50 m²,1+1,0 (Yeni),Düz Giriş (Zemin),3.0,Kombi Doğalgaz,Boş,Krediye Uygun,Kat Mülkiyeti,Hayır,,,1,
24.790.000 TL,Erzene Mahallesi,09 Ekim 2025,Daire,142 m²,185 m²,4+1,0 (Yeni),Bahçe Katı,4.0,Merkezi (Pay Ölçer),Boş,Krediye Uygun,Kat İrtifakı,Evet,Boş,Var,2,
6.750.000 TL,Kızılay Mahallesi,29 Kasım 2025,Daire,100 m²,110 m²,2+1,0 (Yeni),3.Kat,4.0,Kombi Doğalgaz,Boş,Krediye Uygun,Kooperatiften Tapu,Hayır,,,1,
8.600.000 TL,Kazımdirik Mahallesi,23 Ekim 2025,Daire,65 m²,75 m²,2+1,4,2.Kat,7.0,VRV,Boş,Krediye Uygun,Kat İrtifakı,Evet,Eşyalı,Yok,1,
25.000.000 TL,Mevlana Mahallesi,16 Ekim 2025,Müstakil Ev,900 m²,1.000 m²,2+1,21 Ve Üzeri,,6.0,Kombi Doğalgaz,Kiracı Oturuyor,Krediye Uygun,Hisseli Tapu,Hayır,Boş,Var,2,
10.600.000 TL,Meriç Mahallesi,13 Ekim 2025,Daire,122 m²,179 m²,3+1,3,5.Kat,9.0,Merkezi (Pay Ölçer),Boş,Krediye Uygun Değil,Kat Mülkiyeti,Evet,Boş,Yok,2,
4.200.000 TL,Barbaros Mahallesi,09 Ekim 2025,Daire,55 m²,60 m²,1+1,0 (Yeni),1.Kat,13.0,Merkezi (Pay Ölçer),Boş,Krediye Uygun,Kat Mülkiyeti,Hayır,Boş,Yok,1,
3.050.000 TL,Ergene Mahallesi,08 Kasım 2025,Daire,90 m²,97 m²,2+1,21 Ve Üzeri,4.Kat,4.0,Kombi Doğalgaz,Kiracı Oturuyor,Krediye Uygun,Kat Mülkiyeti,Hayır,Boş,Yok,1,
2.750.000 TL,Gürpınar Mahallesi,27 Ekim 2025,Daire,70 m²,84 m²,1+1,11-15,2.Kat,3.0,Kombi Doğalgaz,Mülk Sahibi Oturuyor,Krediye Uygun,Kat Mülkiyeti,Hayır,Boş,Yok,1,2.0
4.300.000 TL,Koşukavak Mahallesi,20 Ekim 2025,Daire,41 m²,58 m²,1+1,1,10.Kat,24.0,Merkezi (Pay Ölçer),Kiracı Oturuyor,Bilinmiyor,Kat İrtifakı,Hayır,,Var,1,
4.250.000 TL,Gazi Osman Paşa Mahallesi,08 Ekim 2025,Daire,100 m²,110 m²,2+1,21 Ve Üzeri,3.Kat,3.0,Klimalı,Mülk Sahibi Oturuyor,Krediye Uygun,Kat Mülkiyeti,Hayır,,Var,1,1.0
14.500.000 TL,Evka 3 Mahallesi,26 Kasım 2025,Villa,180 m²,220 m²,4+1,21 Ve Üzeri,,3.0,Kombi Doğalgaz,Mülk Sahibi Oturuyor,Krediye Uygun Değil,Kat Mülkiyeti,Hayır,Boş,Yok,1,1.0
3.250.000 TL,Zafer Mahallesi,26 Kasım 2025,Residence,98 m²,106 m²,3+1,21 Ve Üzeri,Yüksek Giriş,1.0,Klimalı,Kiracı Oturuyor,Krediye Uygun,Arsa Tapulu,Hayır,Boş,Yok,1,1.0
3.450.000 TL,Erzene Mahallesi,27 Kasım 2025,Daire,100 m²,110 m²,2+1,5-10,Bahçe Katı,5.0,Kombi Doğalgaz,Boş,Krediye Uygun,Kat İrtifakı,Hayır,Boş,Yok,1,
5.600.000 TL,Atatürk Mahallesi,09 Ekim 2025,Daire,90 m²,110 m²,2+1,16-20,Yüksek Giriş,6.0,Kombi Doğalgaz,Mülk Sahibi Oturuyor,Krediye Uygun,Kat Mülkiyeti,Hayır,Boş,Yok,1,
8.250.000 TL,Barbaros Mahallesi,22 Ekim 2025,Daire,135 m²,145 m²,3+1,11-15,5.Kat,8.0,Kombi Doğalgaz,Mülk Sahibi Oturuyor,Krediye Uygun,Kat İrtifakı,Hayır,Boş,Yok,2,
24.125.000 TL,Erzene Mahallesi,10 Ekim 2025,Daire,142 m²,185 m²,4+1,0 (Yeni),Bahçe Katı,4.0,Merkezi (Pay Ölçer),Boş,Krediye Uygun,Kat İrtifakı,Evet,Boş,Var,2,
3.000.000 TL,Yeşilova Mahallesi,09 Ekim 2025,Daire,40 m²,46 m²,Stüdyo,0 (Yeni),8.Kat,45.0,Merkezi (Pay Ölçer),Boş,Krediye Uygun,Kat İrtifakı,Hayır,,Yok,1,
4.400.000 TL,Erzene Mahallesi,29 Kasım 2025,Daire,90 m²,95 m²,2+1,21 Ve Üzeri,1.Kat,6.0,Kombi Doğalgaz,Kiracı Oturuyor,Krediye Uygun,Kat Mülkiyeti,Hayır,Boş,Yok,1,1.0
7.900.000 TL,Yeşilova Mahallesi,09 Ekim 2025,Daire,115 m²,140 m²,3+1,0 (Yeni),8.Kat,45.0,Merkezi (Pay Ölçer),Boş,Krediye Uygun,Kat İrtifakı,Hayır,,Yok,2,
4.950.000 TL,Kazımdirik Mahallesi,05 Kasım 2025,Daire,60 m²,68 m²,1+1,5-10,3.Kat,7.0,VRV,Boş,Krediye Uygun,Kat Mülkiyeti,Hayır,Eşyalı,Var,1,
5.250.000 TL,Atatürk Mahallesi,29 Kasım 2025,Daire,110 m²,130 m²,2+1,21 Ve Üzeri,3.Kat,5.0,Kombi Doğalgaz,Kiracı Oturuyor,Krediye Uygun,Kooperatiften Tapu,Evet,,,1,
4.250.000 TL,Kazımdirik Mahallesi,23 Eylül 2025,Daire,30 m²,40 m²,Stüdyo,5-10,2.Kat,8.0,Kombi Doğalgaz,Boş,Krediye Uygun,Kat Mülkiyeti,Evet,Eşyalı,Var,2,
3.250.000 TL,Mevlana Mahallesi,26 Kasım 2025,Daire,55 m²,65 m²,1+1,5-10,2.Kat,2.0,Klimalı,Boş,Krediye Uygun,Kat İrtifakı,Hayır,Eşyalı,Yok,1,
2.400.000 TL,Gürpınar Mahallesi,26 Kasım 2025,Daire,70 m²,84 m²,1+1,11-15,1.Kat,3.0,Kombi Doğalgaz,Mülk Sahibi Oturuyor,Krediye Uygun,Kat Mülkiyeti,Hayır,Boş,Yok,1,2.0
4.500.000 TL,Mevlana Mahallesi,09 Ekim 2025,Daire,100 m²,115 m²,3+1,11-15,1.Kat,2.0,Kombi Doğalgaz,Boş,Krediye Uygun,Kat Mülkiyeti,Hayır,Boş,Yok,1,
5.500.000 TL,Atatürk Mahallesi,27 Kasım 2025,Daire,97 m²,100 m²,3+1,16-20,3.Kat,3.0,Kombi Doğalgaz,Mülk Sahibi Oturuyor,Krediye Uygun Değil,Kat Mülkiyeti,Hayır,Boş,Var,2,
5.600.000 TL,Atatürk Mahallesi,16 Ekim 2025,Daire,95 m²,100 m²,3+1,11-15,Yüksek Giriş,3.0,Klimalı,Kiracı Oturuyor,Krediye Uygun,Kat Mülkiyeti,Hayır,Boş,Var,1,
5.200.000 TL,Kazımdirik Mahallesi,30 Eylül 2025,Daire,45 m²,65 m²,1+1,5-10,2.Kat,7.0,VRV,Boş,Krediye Uygun,Kat Mülkiyeti,Evet,Boş,Yok,1,
4.000.000 TL,Mevlana Mahallesi,18 Ekim 2025,Daire,120 m²,130 m²,2+1,21 Ve Üzeri,2.Kat,4.0,Kombi Doğalgaz,Mülk Sahibi Oturuyor,Krediye Uygun,Kat Mülkiyeti,Hayır,Boş,Yok,2,
4.600.000 TL,Yıldırım Beyazıt Mahallesi,06 Ekim 2025,Daire,59 m²,70 m²,2+1,5-10,1.Kat,1.0,Kombi Doğalgaz,Mülk Sahibi Oturuyor,Krediye Uygun,Kat Mülkiyeti,Hayır,,,1,
1.699.999 TL,İnönü Mahallesi,07 Kasım 2025,Daire,40 m²,90 m²,1+1,16-20,Bahçe Katı,3.0,Kombi Doğalgaz,Boş,Krediye Uygun,Kat Mülkiyeti,Hayır,,,1,
3.700.000 TL,Gazi Osman Paşa Mahallesi,18 Eylül 2025,Müstakil Ev,80 m²,126 m²,1+1,21 Ve Üzeri,,1.0,Isıtma Yok,Boş,Krediye Uygun Değil,Arsa Tapulu,Hayır,Boş,Yok,1,
7.900.000 TL,Yeşilova Mahallesi,01 Ekim 2025,Daire,115 m²,140 m²,3+1,0 (Yeni),8.Kat,45.0,Merkezi Doğalgaz,Boş,Krediye Uygun,Kat İrtifakı,Evet,,,2,
7.900.000 TL,Ümit Mahallesi,16 Ekim 2025,Müstakil Ev,400 m²,440 m²,2+1,21 Ve Üzeri,,4.0,Klimalı,Kiracı Oturuyor,Krediye Uygun,Müstakil Tapulu,Hayır,Boş,Var,2,
4.000.000 TL,Atatürk Mahallesi,05 Kasım 2025,Daire,100 m²,105 m²,3+1,16-20,Bahçe Katı,5.0,Kombi Doğalgaz,Boş,Krediye Uygun,Kat Mülkiyeti,Hayır,,,1,
2.800.000 TL,Koşukavak Mahallesi,07 Ekim 2025,Daire,90 m²,92 m²,2+1,21 Ve Üzeri,1.Kat,5.0,Klimalı,Kiracı Oturuyor,Krediye Uygun,Kat Mülkiyeti,Hayır,Boş,Yok,1,
5.750.000 TL,Çınar Mahallesi,26 Eylül 2025,Müstakil Ev,230 m²,260 m²,6+3,21 Ve Üzeri,,3.0,Isıtma Yok,Kiracı Oturuyor,Krediye Uygun,Arsa Tapulu,Hayır,Boş,Yok,3,
11.850.000 TL,Karacaoğlan Mahallesi,27 Kasım 2025,Bina,399 m²,400 m²,2+1,21 Ve Üzeri,,4.0,Kombi Doğalgaz,Mülk Sahibi Oturuyor,Krediye Uygun,Bilinmiyor,Hayır,Boş,Yok,1,1.0
3.250.000 TL,Mevlana Mahallesi,27 Kasım 2025,Daire,50 m²,55 m²,1+1,0 (Yeni),1.Kat,3.0,Kombi Doğalgaz,Boş,Krediye Uygun,Kat Mülkiyeti,Hayır,,Yok,1,
6.750.000 TL,Kazımdirik Mahallesi,08 Kasım 2025,Daire,125 m²,150 m²,3+1,21 Ve Üzeri,6.Kat,7.0,Kombi Doğalgaz,Kiracı Oturuyor,Krediye Uygun,Kat İrtifakı,Hayır,,,1,
7.550.000 TL,Gazi Osman Paşa Mahallesi,11 Ekim 2025,Daire,150 m²,160 m²,3+1,5-10,4.Kat,9.0,Merkezi (Pay Ölçer),Kiracı Oturuyor,Krediye Uygun,Kat Mülkiyeti,Evet,Boş,Var,2,
6.500.000 TL,Mevlana Mahallesi,08 Ekim 2025,Daire,110 m²,120 m²,3+1,4,1.Kat,4.0,Kombi Doğalgaz,Kiracı Oturuyor,Krediye Uygun,Kat İrtifakı,Hayır,Boş,Yok,2,
18.000.000 TL,Atatürk Mahallesi,29 Eylül 2025,Villa,160 m²,210 m²,3+1,0 (Yeni),,3.0,Yerden Isıtma,Boş,Krediye Uygun,Kat İrtifakı,Hayır,Boş,Var,3,
4.250.000 TL,Gazi Osman Paşa Mahallesi,24 Ekim 2025,Daire,110 m²,120 m²,2+1,21 Ve Üzeri,3.Kat,3.0,Klimalı,Mülk Sahibi Oturuyor,Krediye Uygun Değil,Kat Mülkiyeti,Hayır,Boş,Yok,1,
12.950.000 TL,Yeşilova Mahallesi,15 Eylül 2025,Daire,135 m²,190 m²,3+1,1,13.Kat,23.0,Kombi Doğalgaz,Boş,Krediye Uygun,Kat İrtifakı,Evet,Boş,Var,1,
5.450.000 TL,Erzene Mahallesi,03 Ekim 2025,Daire,45 m²,59 m²,2+1,0 (Yeni),2.Kat,5.0,Kombi Doğalgaz,Boş,Krediye Uygun,Kat İrtifakı,Hayır,Boş,Yok,1,
6.500.000 TL,Doğanlar Mahallesi,08 Ekim 2025,Bina,100 m²,110 m²,3+1,16-20,,4.0,Kombi Doğalgaz,Kiracı Oturuyor,Krediye Uygun,Kat Mülkiyeti,Hayır,,,1,
6.575.000 TL,Kazımdirik Mahallesi,18 Ekim 2025,Daire,43 m²,60 m²,1+1,1,9.Kat,10.0,Merkezi (Pay Ölçer),Kiracı Oturuyor,Krediye Uygun,Kat Mülkiyeti,Evet,Eşyalı,Yok,1,
21.000.000 TL,Atatürk Mahallesi,29 Eylül 2025,Villa,200 m²,240 m²,4+1,0 (Yeni),,3.0,Yerden Isıtma,Boş,Krediye Uygun,Kat Mülkiyeti,Hayır,Boş,Var,2,
4.200.000 TL,Kazımdirik Mahallesi,24 Ekim 2025,Daire,100 m²,120 m²,3+1,21 Ve Üzeri,6.Kat,7.0,Kombi Doğalgaz,Kiracı Oturuyor,Krediye Uygun,Kat Mülkiyeti,Hayır,Boş,Yok,1,
2.885.000 TL,Kızılay Mahallesi,26 Kasım 2025,Daire,38 m²,44 m²,1+1,5-10,Düz Giriş (Zemin),4.0,Kombi Doğalgaz,Boş,Krediye Uygun,Kat İrtifakı,Hayır,,Var,1,
4.250.000 TL,Koşukavak Mahallesi,07 Ekim 2025,Daire,41 m²,58 m²,1+1,1,12.Kat,24.0,Merkezi (Pay Ölçer),Kiracı Oturuyor,Krediye Uygun Değil,Kat İrtifakı,Evet,Boş,Var,1,
13.750.000 TL,Karaçam Mahallesi,24 Ekim 2025,Villa,160 m²,1.053 m²,4+2,21 Ve Üzeri,,2.0,Klimalı,Boş,Krediye Uygun,Müstakil Tapulu,Hayır,Boş,Yok,2,
7.250.000 TL,Kazımdirik Mahallesi,27 Kasım 2025,Daire,78 m²,90 m²,2+1,5-10,1.Kat,7.0,Merkezi (Pay Ölçer),Kiracı Oturuyor,Krediye Uygun,Kat Mülkiyeti,Evet,Eşyalı,Var,1,
4.850.000 TL,Kazımdirik Mahallesi,21 Eylül 2025,Daire,40 m²,55 m²,1+1,5-10,4.Kat,7.0,VRV,Boş,Krediye Uygun,Kat Mülkiyeti,Evet,Boş,Yok,1,
4.550.000 TL,Rafet Paşa Mahallesi,11 Kasım 2025,Daire,36 m²,60 m²,1+1,3,3.Kat,25.0,VRV,Kiracı Oturuyor,Krediye Uygun,Kat İrtifakı,Hayır,Boş,Var,1,
2.645.000 TL,Ümit Mahallesi,16 Ekim 2025,Daire,95 m²,100 m²,2+1,21 Ve Üzeri,1.Kat,3.0,Kombi Doğalgaz,Mülk Sahibi Oturuyor,Krediye Uygun Değil,Kat Mülkiyeti,Hayır,Boş,Yok,1,
5.925.000 TL,Kazımdirik Mahallesi,12 Ekim 2025,Daire,90 m²,110 m²,3+1,21 Ve Üzeri,6.Kat,7.0,Merkezi Doğalgaz,Mülk Sahibi Oturuyor,Krediye Uygun,Kat İrtifakı,Hayır,,,1,
5.400.000 TL,Kızılay Mahallesi,27 Kasım 2025,Daire,100 m²,110 m²,3+1,5-10,3.Kat,5.0,Kombi Doğalgaz,Mülk Sahibi Oturuyor,Krediye Uygun,Kat Mülkiyeti,Hayır,Boş,Yok,1,
4.000.000 TL,Mevlana Mahallesi,27 Kasım 2025,Daire,80 m²,85 m²,2+1,11-15,2.Kat,3.0,Kombi Doğalgaz,Kiracı Oturuyor,Krediye Uygun,Kat Mülkiyeti,Hayır,Boş,Yok,1,1.0
3.800.000 TL,Kazımdirik Mahallesi,09 Ekim 2025,Daire,81 m²,95 m²,2+1,21 Ve Üzeri,1.Kat,7.0,Kombi Doğalgaz,Boş,Krediye Uygun,Kat Mülkiyeti,Evet,Boş,Var,1,
4.600.000 TL,Erzene Mahallesi,27 Kasım 2025,Daire,47 m²,57 m²,1+1,3,1.Kat,4.0,Kombi Doğalgaz,Boş,Bilinmiyor,Kat İrtifakı,Hayır,Boş,Var,1,
3.950.000 TL,Atatürk Mahallesi,22 Ekim 2025,Daire,50 m²,55 m²,1+1,0 (Yeni),2.Kat,4.0,Isıtma Yok,Boş,Krediye Uygun,Kat Mülkiyeti,Hayır,,Var,1,
4.950.000 TL,Atatürk Mahallesi,06 Kasım 2025,Daire,65 m²,80 m²,2+1,0 (Yeni),Bahçe Katı,4.0,Isıtma Yok,Boş,Krediye Uygun,Kat Mülkiyeti,Hayır,Boş,Yok,1,
3.000.000 TL,Yeşilova Mahallesi,09 Ekim 2025,Daire,40 m²,46 m²,Stüdyo,0 (Yeni),8.Kat,45.0,Merkezi Doğalgaz,Boş,Krediye Uygun,Kat İrtifakı,Evet,,,1,
27.000.000 TL,İnönü Mahallesi,26 Kasım 2025,Bina,110 m²,380 m²,3+1,21 Ve Üzeri,,3.0,Kombi Doğalgaz,Mülk Sahibi Oturuyor,Krediye Uygun,Kat Mülkiyeti,Hayır,Boş,,1,
4.150.000 TL,İnönü Mahallesi,27 Kasım 2025,Daire,80 m²,85 m²,2+1,16-20,2.Kat,4.0,Kombi Doğalgaz,Boş,Krediye Uygun,Kat Mülkiyeti,Hayır,Boş,Yok,1,
4.650.000 TL,Erzene Mahallesi,20 Ekim 2025,Daire,70 m²,80 m²,2+1,5-10,2.Kat,5.0,Kombi Doğalgaz,Kiracı Oturuyor,Krediye Uygun,Kat Mülkiyeti,Hayır,Eşyalı,Yok,1,
4.500.000 TL,İnönü Mahallesi,18 Kasım 2025,Daire,100 m²,120 m²,3+1,16-20,4.Kat,4.0,Kombi Doğalgaz,Boş,Krediye Uygun,Kat Mülkiyeti,Hayır,Boş,Yok,1,1.0
3.150.000 TL,Mevlana Mahallesi,10 Ekim 2025,Daire,40 m²,45 m²,1+1,0 (Yeni),Yüksek Giriş,2.0,Kombi Doğalgaz,Boş,Krediye Uygun,Kat İrtifakı,Hayır,Boş,Yok,1,
4.450.000 TL,Yakaköy Mahallesi,30 Ekim 2025,Müstakil Ev,75 m²,90 m²,2+1,3,,1.0,Sobalı,Mülk Sahibi Oturuyor,Bilinmiyor,Hisseli Tapu,Hayır,Boş,Var,1,
3.195.000 TL,Doğanlar Mahallesi,23 Ekim 2025,Daire,65 m²,75 m²,2+1,0 (Yeni),6.Kat,6.0,Kombi Doğalgaz,Boş,Krediye Uygun,Kat Mülkiyeti,Hayır,Boş,Yok,1,
4.250.000 TL,Erzene Mahallesi,20 Ekim 2025,Daire,98 m²,120 m²,3+1,21 Ve Üzeri,3.Kat,5.0,Isıtma Yok,Boş,Krediye Uygun,Kat Mülkiyeti,Hayır,Boş,Var,1,1.0
18.500.000 TL,Evka 3 Mahallesi,20 Ekim 2025,Daire,150 m²,165 m²,3+1,0 (Yeni),11.Kat,12.0,Yerden Isıtma,Boş,Krediye Uygun Değil,Kat İrtifakı,Hayır,Boş,Var,2,
13.000.000 TL,İnönü Mahallesi,29 Kasım 2025,Daire,125 m²,150 m²,3+1,0 (Yeni),Villa Tipi,3.0,Kombi Doğalgaz,Boş,Krediye Uygun,Kat İrtifakı,Hayır,Boş,Var,3,3.0
4.800.000 TL,Mevlana Mahallesi,29 Eylül 2025,Daire,70 m²,84 m²,2+1,0 (Yeni),2.Kat,3.0,Kombi Doğalgaz,Boş,Krediye Uygun,Kat İrtifakı,Hayır,Boş,Yok,1,
7.500.000 TL,Serintepe Mahallesi,16 Ekim 2025,Bina,130 m²,145 m²,6+3,21 Ve Üzeri,,2.0,Kombi Doğalgaz,Mülk Sahibi Oturuyor,Krediye Uygun Değil,Kat Mülkiyeti,Hayır,,Var,3,
1.925.000 TL,Çamkule Mahallesi,08 Ekim 2025,Daire,85 m²,100 m²,2+1,11-15,2.Kat,3.0,Sobalı,Boş,Krediye Uygun,Arsa Tapulu,Hayır,Boş,Var,1,
5.500.000 TL,Kazımdirik Mahallesi,14 Kasım 2025,Daire,128 m²,135 m²,3+1,21 Ve Üzeri,5.Kat,8.0,Kombi Doğalgaz,Mülk Sahibi Oturuyor,Krediye Uygun,Kat İrtifakı,Hayır,,,1,
10.000.000 TL,Atatürk Mahallesi,10 Ekim 2025,Müstakil Ev,135 m²,150 m²,3+1,21 Ve Üzeri,,2.0,Kombi Doğalgaz,Boş,Krediye Uygun,Kat İrtifakı,Hayır,Boş,Yok,1,
4.500.000 TL,İnönü Mahallesi,13 Ekim 2025,Daire,110 m²,120 m²,3+1,21 Ve Üzeri,3.Kat,3.0,Kombi Doğalgaz,Boş,Krediye Uygun,Kat Mülkiyeti,Hayır,Boş,,1,1.0
18.465.000 TL,Erzene Mahallesi,08 Ekim 2025,Daire,118 m²,152 m²,3+1,0 (Yeni),Bahçe Katı,4.0,Merkezi (Pay Ölçer),Boş,Krediye Uygun,Kat İrtifakı,Evet,Boş,Var,2,
2.400.000 TL,Gürpınar Mahallesi,27 Ekim 2025,Daire,70 m²,84 m²,1+1,11-15,3.Kat,3.0,Kombi Doğalgaz,Mülk Sahibi Oturuyor,Krediye Uygun,Kat Mülkiyeti,Hayır,Boş,Yok,1,2.0
3.950.000 TL,Kızılay Mahallesi,27 Kasım 2025,Daire,85 m²,90 m²,2+1,0 (Yeni),Bahçe Katı,5.0,Isıtma Yok,Boş,Krediye Uygun,Kat Mülkiyeti,Hayır,Boş,Yok,1,
3.490.000 TL,Evka 4 Mahallesi,10 Kasım 2025,Daire,75 m²,80 m²,2+1,21 Ve Üzeri,5.Kat,9.0,Kombi Doğalgaz,Boş,Krediye Uygun,Kat Mülkiyeti,Hayır,Boş,Yok,1,
7.500.000 TL,Naldöken Mahallesi,10 Kasım 2025,Daire,182 m²,240 m²,2+1,4,2.Kat,3.0,Kombi Doğalgaz,Boş,Krediye Uygun,Kat Mülkiyeti,Hayır,Boş,,1,
4.300.000 TL,İnönü Mahallesi,05 Ekim 2025,Daire,100 m²,110 m²,3+1,16-20,3.Kat,3.0,Kombi Doğalgaz,Boş,Krediye Uygun Değil,Kat Mülkiyeti,Hayır,Boş,Yok,1,
6.500.000 TL,Atatürk Mahallesi,16 Ekim 2025,Daire,100 m²,110 m²,3+1,11-15,1.Kat,3.0,Klimalı,Kiracı Oturuyor,Krediye Uygun,Kat Mülkiyeti,Hayır,Boş,Var,1,
4.150.000 TL,Kazımdirik Mahallesi,13 Ekim 2025,Daire,130 m²,140 m²,3+1,21 Ve Üzeri,Yüksek Giriş,8.0,Merkezi Doğalgaz,Kiracı Oturuyor,Krediye Uygun,Kat Mülkiyeti,Hayır,Boş,Yok,1,
3.950.000 TL,Kızılay Mahallesi,28 Eylül 2025,Daire,80 m²,150 m²,2+1,21 Ve Üzeri,Bahçe Katı,4.0,Kombi Doğalgaz,Boş,Krediye Uygun,Kat Mülkiyeti,Hayır,Boş,Yok,1,
3.500.000 TL,Mevlana Mahallesi,27 Kasım 2025,Daire,40 m²,45 m²,1+1,0 (Yeni),Bahçe Katı,3.0,Kombi Doğalgaz,Boş,Krediye Uygun,Kat İrtifakı,Hayır,Boş,Yok,1,
13.000.000 TL,Yeşilova Mahallesi,21 Eylül 2025,Daire,90 m²,110 m²,2+1,1,9.Kat,23.0,Yerden Isıtma,Boş,Krediye Uygun,Kat İrtifakı,Evet,Eşyalı,Var,2,
11.200.000 TL,Atatürk Mahallesi,21 Ekim 2025,Müstakil Ev,126 m²,206 m²,3+1,21 Ve Üzeri,,2.0,Kombi Doğalgaz,Mülk Sahibi Oturuyor,Krediye Uygun,Kat Mülkiyeti,Hayır,,,1,
19.456.000 TL,Erzene Mahallesi,09 Ekim 2025,Daire,118 m²,152 m²,3+1,0 (Yeni),1.Kat,4.0,Merkezi (Pay Ölçer),Boş,Krediye Uygun,Kat İrtifakı,Evet,Boş,Var,2,
5.450.000 TL,Koşukavak Mahallesi,20 Ekim 2025,Daire,75 m²,90 m²,2+1,1,24.Kat,24.0,Merkezi (Pay Ölçer),Boş,Krediye Uygun,Kat İrtifakı,Hayır,,Var,2,
4.990.000 TL,Ergene Mahallesi,22 Kasım 2025,Daire,106 m²,120 m²,3+1,21 Ve Üzeri,3.Kat,6.0,Kombi Doğalgaz,Mülk Sahibi Oturuyor,Krediye Uygun,Kat Mülkiyeti,Hayır,Boş,Yok,1,
5.500.000 TL,Kazımdirik Mahallesi,10 Ekim 2025,Daire,110 m²,125 m²,3+1,21 Ve Üzeri,3.Kat,7.0,Kombi Doğalgaz,Kiracı Oturuyor,Krediye Uygun,Kat Mülkiyeti,Hayır,Boş,Yok,1,
4.050.000 TL,Kazımdirik Mahallesi,17 Ekim 2025,Daire,40 m²,45 m²,1+1,2,1.Kat,7.0,Merkezi Doğalgaz,Boş,Krediye Uygun Değil,Kat Mülkiyeti,Hayır,,Yok,1,
7.000.000 TL,Evka 3 Mahallesi,31 Ekim 2025,Daire,100 m²,110 m²,3+1,21 Ve Üzeri,2.Kat,4.0,Kombi Doğalgaz,Boş,Krediye Uygun,Kat Mülkiyeti,Hayır,,Yok,1,
4.100.000 TL,Kazımdirik Mahallesi,08 Ekim 2025,Daire,45 m²,53 m²,1+1,4,4.Kat,7.0,VRV,Kiracı Oturuyor,Krediye Uygun Değil,Kat İrtifakı,Evet,Boş,Yok,1,
6.000.000 TL,Yakaköy Mahallesi,24 Ekim 2025,Müstakil Ev,120 m²,160 m²,2+1,5-10,,2.0,Şömine,Boş,Krediye Uygun Değil,Arsa Tapulu,Hayır,Boş,Yok,1,
15.750.000 TL,İnönü Mahallesi,29 Kasım 2025,Müstakil Ev,120 m²,130 m²,3+1,11-15,,1.0,Kombi Doğalgaz,Boş,Krediye Uygun,Kooperatiften Tapu,Evet,Boş,Yok,1,1.0
5.500.000 TL,Barbaros Mahallesi,07 Ekim 2025,Daire,64 m²,75 m²,2+1,0 (Yeni),7.Kat,13.0,Merkezi (Pay Ölçer),Boş,Krediye Uygun,Kat Mülkiyeti,Hayır,Boş,Var,1,
4.550.000 TL,Yeşilova Mahallesi,24 Ekim 2025,Daire,130 m²,135 m²,3+1,21 Ve Üzeri,4.Kat,4.0,Kombi Doğalgaz,Mülk Sahibi Oturuyor,Krediye Uygun,Müstakil Tapulu,Hayır,Boş,Yok,1,
5.250.000 TL,Kızılay Mahallesi,22 Eylül 2025,Daire,100 m²,105 m²,3+1,5-10,1.Kat,3.0,Kombi Doğalgaz,Boş,Krediye Uygun,Kat Mülkiyeti,Hayır,,,1,
12.000.000 TL,Atatürk Mahallesi,10 Ekim 2025,Daire,245 m²,255 m²,5+2,16-20,Bahçe Dublex,4.0,Kombi Doğalgaz,Kiracı Oturuyor,Krediye Uygun,Kat Mülkiyeti,Hayır,,,2,
2.630.000 TL,Birlik Mahallesi,27 Kasım 2025,Müstakil Ev,60 m²,121 m²,2+1,21 Ve Üzeri,,2.0,Klimalı,Mülk Sahibi Oturuyor,Bilinmiyor,Hisseli Tapu,Hayır,Eşyalı,Yok,1,1.0
8.900.000 TL,Yeşilova Mahallesi,07 Kasım 2025,Daire,145 m²,165 m²,3+1,11-15,7.Kat,9.0,Kombi Doğalgaz,Kiracı Oturuyor,Krediye Uygun,Kat Mülkiyeti,Evet,Boş,Yok,2,
4.500.000 TL,Erzene Mahallesi,27 Kasım 2025,Daire,115 m²,125 m²,3+1,21 Ve Üzeri,5.Kat,5.0,Kombi Doğalgaz,Kiracı Oturuyor,Krediye Uygun,Kat İrtifakı,Hayır,Boş,Yok,1,
4.250.000 TL,Kazımdirik Mahallesi,07 Ekim 2025,Daire,115 m²,120 m²,3+1,21 Ve Üzeri,7.Kat,7.0,Kombi Doğalgaz,Mülk Sahibi Oturuyor,Krediye Uygun,Kat Mülkiyeti,Hayır,Boş,Yok,1,
7.500.000 TL,Serintepe Mahallesi,23 Kasım 2025,Bina,240 m²,315 m²,2+1,21 Ve Üzeri,,3.0,Kombi Doğalgaz,Mülk Sahibi Oturuyor,Krediye Uygun,Kat Mülkiyeti,Hayır,,,1,
13.000.000 TL,Yeşilova Mahallesi,07 Kasım 2025,Daire,130 m²,190 m²,3+1,0 (Yeni),13.Kat,23.0,Merkezi (Pay Ölçer),Boş,Krediye Uygun,Kat İrtifakı,Hayır,,,2,
12.950.000 TL,Yeşilova Mahallesi,08 Ekim 2025,Daire,135 m²,190 m²,3+1,1,13.Kat,23.0,Kombi Doğalgaz,Boş,Krediye Uygun,Kat İrtifakı,Evet,Boş,Var,1,
5.300.000 TL,Barbaros Mahallesi,24 Ekim 2025,Daire,70 m²,92 m²,2+1,0 (Yeni),9.Kat,14.0,Kombi Doğalgaz,Boş,Bilinmiyor,Müstakil Tapulu,Hayır,Boş,Var,1,
6.750.000 TL,Yakaköy Mahallesi,01 Eylül 2025,Müstakil Ev,94 m²,475 m²,2+1,0 (Yeni),,1.0,Klimalı,Boş,Krediye Uygun Değil,Müstakil Tapulu,Hayır,Boş,Var,2,
11.000.000 TL,Yıldırım Beyazıt Mahallesi,26 Kasım 2025,Müstakil Ev,100 m²,120 m²,3+1,21 Ve Üzeri,,3.0,Kombi Doğalgaz,Boş,Krediye Uygun,Kat Mülkiyeti,Hayır,Boş,Yok,1,
4.800.000 TL,Kazımdirik Mahallesi,30 Eylül 2025,Daire,90 m²,95 m²,3+1,21 Ve Üzeri,7.Kat,8.0,Merkezi Doğalgaz,Boş,Krediye Uygun,Kat Mülkiyeti,Hayır,,,1,
4.750.000 TL,Kazımdirik Mahallesi,15 Kasım 2025,Daire,50 m²,55 m²,1+1,0 (Yeni),2.Kat,6.0,Kombi Doğalgaz,Boş,Krediye Uygun,Kat İrtifakı,Hayır,Boş,Yok,1,
6.250.000 TL,Mevlana Mahallesi,23 Ekim 2025,Daire,85 m²,113 m²,2+1,5-10,1.Kat,7.0,Merkezi (Pay Ölçer),Mülk Sahibi Oturuyor,Krediye Uygun,Kat Mülkiyeti,Hayır,Boş,Yok,2,
4.150.000 TL,Ergene Mahallesi,27 Ekim 2025,Daire,79 m²,85 m²,2+1,21 Ve Üzeri,1.Kat,3.0,Klimalı,Kiracı Oturuyor,Krediye Uygun,Kat İrtifakı,Hayır,Boş,Yok,1,
8.500.000 TL,Kazımdirik Mahallesi,27 Ekim 2025,Daire,70 m²,74 m²,2+1,5-10,1.Kat,15.0,Merkezi (Pay Ölçer),Mülk Sahibi Oturuyor,Krediye Uygun Değil,Kat Mülkiyeti,Evet,Boş,Yok,1,
14.750.000 TL,İnönü Mahallesi,07 Eylül 2025,Villa,180 m²,220 m²,4+1,0 (Yeni),,3.0,Yerden Isıtma,Boş,Krediye Uygun,Kat Mülkiyeti,Hayır,Boş,Var,3,
15.950.000 TL,İnönü Mahallesi,22 Eylül 2025,Villa,160 m²,220 m²,4+1,0 (Yeni),,3.0,Yerden Isıtma,Boş,Krediye Uygun,Kat Mülkiyeti,Evet,,,2,
2.450.000 TL,Koşukavak Mahallesi,07 Ekim 2025,Daire,90 m²,92 m²,2+1,21 Ve Üzeri,Düz Giriş (Zemin),5.0,Klimalı,Kiracı Oturuyor,Krediye Uygun,Kat Mülkiyeti,Hayır,Boş,Yok,1,
5.750.000 TL,Doğanlar Mahallesi,29 Kasım 2025,Daire,100 m²,120 m²,3+1,0 (Yeni),Çatı Dubleks,5.0,Kombi Doğalgaz,Boş,Krediye Uygun,Kat İrtifakı,Hayır,Boş,Yok,2,2.0
5.000.000 TL,Barbaros Mahallesi,05 Kasım 2025,Residence,56 m²,88 m²,1+1,4,16.Kat,30.0,Merkezi (Pay Ölçer),Kiracı Oturuyor,Krediye Uygun,Kat İrtifakı,Hayır,,Yok,1,
4.250.000 TL,Gürpınar Mahallesi,03 Kasım 2025,Daire,66 m²,85 m²,2+1,0 (Yeni),1.Kat,3.0,Kombi Doğalgaz,Boş,Krediye Uygun,Kat İrtifakı,Hayır,Boş,Yok,1,
6.750.000 TL,Yeşilova Mahallesi,31 Ağustos 2025,Daire,64 m²,75 m²,1+1,5-10,8.Kat,9.0,Merkezi (Pay Ölçer),Kiracı Oturuyor,Krediye Uygun,Kat Mülkiyeti,Evet,Eşyalı,Yok,1,
7.400.000 TL,Meriç Mahallesi,13 Ekim 2025,Daire,95 m²,110 m²,2+1,4,5.Kat,9.0,Merkezi Doğalgaz,Boş,Krediye Uygun,Kat Mülkiyeti,Hayır,Boş,Yok,2,2.0
4.250.000 TL,Erzene Mahallesi,29 Kasım 2025,Daire,110 m²,117 m²,3+1,21 Ve Üzeri,3.Kat,6.0,Kombi Doğalgaz,Boş,Krediye Uygun,Kooperatiften Tapu,Hayır,,Yok,1,1.0
14.950.000 TL,Rafet Paşa Mahallesi,31 Ağustos 2025,Daire,180 m²,200 m²,3+1,5-10,12.Kat,12.0,Merkezi (Pay Ölçer),Mülk Sahibi Oturuyor,Krediye Uygun,Kat Mülkiyeti,Evet,Boş,Yok,2,
14.950.000 TL,Kazımdirik Mahallesi,07 Kasım 2025,Daire,113 m²,125 m²,3+1,0 (Yeni),7.Kat,8.0,Yerden Isıtma,Boş,Bilinmiyor,Kat İrtifakı,Hayır,Boş,Yok,2,
7.800.000 TL,Kazımdirik Mahallesi,24 Ekim 2025,Daire,35 m²,56 m²,1+1,4,4.Kat,28.0,Merkezi (Pay Ölçer),Boş,Krediye Uygun,Kat Mülkiyeti,Evet,Eşyalı,Yok,1,
4.350.000 TL,İnönü Mahallesi,09 Kasım 2025,Daire,100 m²,111 m²,3+1,21 Ve Üzeri,2.Kat,4.0,Kombi Doğalgaz,Boş,Krediye Uygun,Kat Mülkiyeti,Hayır,Boş,Var,1,1.0
3.850.000 TL,Meriç Mahallesi,27 Kasım 2025,Müstakil Ev,159 m²,160 m²,3+1,21 Ve Üzeri,,1.0,Klimalı,Mülk Sahibi Oturuyor,Krediye Uygun,Müstakil Tapulu,Hayır,Boş,Yok,1,1.0
15.800.000 TL,Kazımdirik Mahallesi,26 Kasım 2025,Daire,120 m²,145 m²,3+1,5-10,7.Kat,7.0,Merkezi (Pay Ölçer),Boş,Krediye Uygun,Kat Mülkiyeti,Hayır,Boş,Var,2,
1.690.000 TL,Yakaköy Mahallesi,14 Ekim 2025,Müstakil Ev,90 m²,350 m²,2+1,0 (Yeni),,1.0,Isıtma Yok,Boş,Krediye Uygun Değil,Hisseli Tapu,Hayır,Boş,Var,1,
24.000.000 TL,Yeşilova Mahallesi,30 Eylül 2025,Daire,175 m²,210 m²,4+1,1,20.Kat,24.0,Yerden Isıtma,Boş,Krediye Uygun,Kat İrtifakı,Evet,Boş,Var,3,
7.900.000 TL,Barbaros Mahallesi,08 Kasım 2025,Daire,127 m²,142 m²,3+1,0 (Yeni),8.Kat,11.0,Kombi Doğalgaz,Boş,Krediye Uygun Değil,Kat Mülkiyeti,Evet,Boş,Yok,2,
14.500.000 TL,Kızılay Mahallesi,10 Kasım 2025,Müstakil Ev,100 m²,399 m²,2+1,21 Ve Üzeri,,1.0,Kombi Doğalgaz,Mülk Sahibi Oturuyor,Krediye Uygun,Kat İrtifakı,Hayır,Boş,Yok,1,
26.500.000 TL,Atatürk Mahallesi,14 Kasım 2025,Bina,600 m²,650 m²,9+ Oda,21 Ve Üzeri,,5.0,Kombi Doğalgaz,Mülk Sahibi Oturuyor,Krediye Uygun,Kat Mülkiyeti,Hayır,Boş,Yok,5,5.0
5.900.000 TL,Kazımdirik Mahallesi,18 Eylül 2025,Daire,25 m²,37 m²,Stüdyo,5-10,6.Kat,9.0,Merkezi (Pay Ölçer),Mülk Sahibi Oturuyor,Krediye Uygun,Kat Mülkiyeti,Evet,Eşyalı,Yok,1,
5.250.000 TL,Evka 3 Mahallesi,31 Ekim 2025,Daire,40 m²,180 m²,1+1,0 (Yeni),1.Kat,5.0,Kombi Doğalgaz,Boş,Krediye Uygun,Kat İrtifakı,Evet,,Var,1,
6.500.000 TL,Kızılay Mahallesi,15 Ekim 2025,Daire,113 m²,138 m²,3+1,0 (Yeni),1.Kat,4.0,Kombi Doğalgaz,Boş,Krediye Uygun,Kat İrtifakı,Hayır,Boş,Var,2,
3.700.000 TL,Kızılay Mahallesi,24 Ekim 2025,Daire,86 m²,140 m²,2+1,21 Ve Üzeri,Düz Giriş (Zemin),3.0,Kombi Doğalgaz,Mülk Sahibi Oturuyor,Krediye Uygun,Kat İrtifakı,Hayır,Boş,Yok,1,
80.000.000 TL,Kazımdirik Mahallesi,24 Kasım 2025,Villa,290 m²,350 m²,5+2,0 (Yeni),,4.0,Yerden Isıtma,Boş,Krediye Uygun,Müstakil Tapulu,Evet,,Var,4,
3.850.000 TL,Kazımdirik Mahallesi,03 Kasım 2025,Daire,110 m²,130 m²,3+1,16-20,4.Kat,5.0,Klimalı,Boş,Krediye Uygun,Müstakil Tapulu,Hayır,Boş,Yok,1,
5.000.000 TL,Evka 4 Mahallesi,22 Eylül 2025,Daire,100 m²,110 m²,2+1,16-20,8.Kat,8.0,Kombi Doğalgaz,Boş,Krediye Uygun Değil,Kat Mülkiyeti,Hayır,Boş,Var,2,
5.000.000 TL,Barbaros Mahallesi,05 Kasım 2025,Residence,56 m²,88 m²,1+1,4,16.Kat,30.0,Merkezi (Pay Ölçer),Kiracı Oturuyor,Krediye Uygun,Kat İrtifakı,Hayır,,Yok,1,
14.000.000 TL,Yeşilova Mahallesi,31 Ekim 2025,Daire,122 m²,175 m²,3+1,0 (Yeni),16.Kat,30.0,Yerden Isıtma,Boş,Krediye Uygun,Kat Mülkiyeti,Evet,Boş,Yok,2,
3.650.000 TL,Çamkule Mahallesi,07 Kasım 2025,Bina,95 m²,96 m²,2+1,21 Ve Üzeri,,3.0,Isıtma Yok,Kiracı Oturuyor,Krediye Uygun,Arsa Tapulu,Hayır,,,1,
3.950.000 TL,Doğanlar Mahallesi,03 Eylül 2025,Daire,38 m²,58 m²,1+1,0 (Yeni),Bahçe Katı,2.0,Kombi Doğalgaz,Boş,Krediye Uygun,Kat Mülkiyeti,Evet,Boş,Yok,1,
4.100.000 TL,İnönü Mahallesi,26 Eylül 2025,Daire,70 m²,80 m²,2+1,16-20,2.Kat,5.0,Kombi Doğalgaz,Boş,Bilinmiyor,Kat Mülkiyeti,Evet,,Var,1,1.0
3.500.000 TL,Barbaros Mahallesi,24 Ekim 2025,Daire,40 m²,50 m²,1+1,0 (Yeni),2.Kat,14.0,Kombi Doğalgaz,Boş,Krediye Uygun,Kat Mülkiyeti,Hayır,Boş,Yok,1,
3.750.000 TL,Mevlana Mahallesi,29 Kasım 2025,Müstakil Ev,70 m²,80 m²,2+1,11-15,,4.0,Kombi Doğalgaz,Boş,Krediye Uygun,Kooperatiften Tapu,Hayır,,,1,1.0
5.650.000 TL,Zafer Mahallesi,24 Ekim 2025,Daire,150 m²,158 m²,4+2,21 Ve Üzeri,Müstakil,3.0,Isıtma Yok,Boş,Krediye Uygun,Arsa Tapulu,Hayır,,,Yok,
7.150.000 TL,Kazımdirik Mahallesi,18 Eylül 2025,Daire,120 m²,130 m²,3+1,11-15,Yüksek Giriş,4.0,Klimalı,Boş,Krediye Uygun Değil,Kat İrtifakı,Hayır,,Yok,1,
4.600.000 TL,Evka 4 Mahallesi,31 Ekim 2025,Daire,75 m²,78 m²,2+1,11-15,10.Kat,10.0,Kombi Doğalgaz,Mülk Sahibi Oturuyor,Krediye Uygun,Kat İrtifakı,Hayır,Boş,Yok,1,
7.500.000 TL,Yeşilova Mahallesi,24 Ekim 2025,Daire,52 m²,78 m²,2+1,0 (Yeni),17.Kat,30.0,Yerden Isıtma,Boş,Krediye Uygun Değil,Kat İrtifakı,Hayır,Boş,Var,1,
2.300.000 TL,Zafer Mahallesi,24 Kasım 2025,Daire,110 m²,135 m²,2.5+1,21 Ve Üzeri,Yüksek Giriş,3.0,Kombi Doğalgaz,Boş,Krediye Uygun Değil,Kat Mülkiyeti,Hayır,Boş,Yok,1,
3.950.000 TL,Zafer Mahallesi,15 Eylül 2025,Daire,78 m²,90 m²,2+1,4,3.Kat,3.0,Kombi Doğalgaz,Mülk Sahibi Oturuyor,Krediye Uygun,Kat İrtifakı,Hayır,Boş,Yok,1,
6.500.000 TL,Rafet Paşa Mahallesi,26 Ekim 2025,Residence,45 m²,62 m²,1+1,5-10,7.Kat,25.0,VRV,Kiracı Oturuyor,Krediye Uygun,Kat İrtifakı,Evet,Eşyalı,Yok,1,
2.600.000 TL,Mevlana Mahallesi,29 Kasım 2025,Müstakil Ev,50 m²,60 m²,1+1,5-10,,4.0,Kombi Doğalgaz,Boş,Bilinmiyor,Kooperatiften Tapu,Evet,,,1,1.0
2.985.000 TL,Barbaros Mahallesi,28 Eylül 2025,Daire,28 m²,34 m²,Stüdyo,4,14.Kat,30.0,Merkezi (Pay Ölçer),Boş,Krediye Uygun,Kat Mülkiyeti,Evet,Eşyalı,Yok,1,
4.600.000 TL,Kazımdirik Mahallesi,28 Kasım 2025,Daire,120 m²,125 m²,3+1,21 Ve Üzeri,4.Kat,8.0,Kombi Doğalgaz,Kiracı Oturuyor,Krediye Uygun,Kat Mülkiyeti,Hayır,Boş,Yok,1,
4.000.000 TL,Kazımdirik Mahallesi,30 Ekim 2025,Daire,110 m²,120 m²,3+1,21 Ve Üzeri,Düz Giriş (Zemin),8.0,Kombi Doğalgaz,Kiracı Oturuyor,Krediye Uygun,Kat Mülkiyeti,Hayır,Eşyalı,Yok,1,
6.750.000 TL,Tuna Mahallesi,24 Kasım 2025,Daire,110 m²,125 m²,3+1,5-10,6.Kat,14.0,Merkezi (Pay Ölçer),Boş,Krediye Uygun,Kat İrtifakı,Hayır,,Yok,2,
4.750.000 TL,Çınar Mahallesi,26 Kasım 2025,Müstakil Ev,100 m²,112 m²,3+1,21 Ve Üzeri,,3.0,Sobalı,Kiracı Oturuyor,Krediye Uygun,Müstakil Tapulu,Hayır,Boş,Yok,3,
3.000.000 TL,Mevlana Mahallesi,28 Kasım 2025,Daire,90 m²,100 m²,2+1,11-15,4.Kat,4.0,Kombi Doğalgaz,Kiracı Oturuyor,Krediye Uygun,Kat Mülkiyeti,Hayır,Boş,Yok,1,
5.150.000 TL,İnönü Mahallesi,01 Ekim 2025,Daire,135 m²,140 m²,3+1,16-20,3.Kat,5.0,Kombi Doğalgaz,Boş,Krediye Uygun Değil,Kat Mülkiyeti,Hayır,Boş,Yok,1,
13.550.000 TL,Evka 3 Mahallesi,08 Kasım 2025,Villa,185 m²,245 m²,4+1,21 Ve Üzeri,,3.0,Kombi Doğalgaz,Mülk Sahibi Oturuyor,Krediye Uygun,Kat Mülkiyeti,Hayır,Boş,Var,2,
3.975.000 TL,Egemenlik Mahallesi,24 Eylül 2025,Daire,125 m²,150 m²,3+1,21 Ve Üzeri,1.Kat,3.0,Kombi Doğalgaz,Kiracı Oturuyor,Krediye Uygun,Kat İrtifakı,Hayır,Boş,Var,1,
14.900.000 TL,Kazımdirik Mahallesi,02 Eylül 2025,Daire,110 m²,120 m²,3+1,1,1.Kat,8.0,Merkezi (Pay Ölçer),Boş,Krediye Uygun,Kat İrtifakı,Evet,Boş,Yok,2,
13.400.000 TL,Mevlana Mahallesi,26 Kasım 2025,Bina,440 m²,530 m²,3+1,21 Ve Üzeri,,4.0,Kombi Doğalgaz,Kiracı Oturuyor,Krediye Uygun,Kat Mülkiyeti,Hayır,,,1,
4.100.000 TL,Kızılay Mahallesi,30 Ekim 2025,Daire,70 m²,75 m²,2+1,0 (Yeni),2.Kat,3.0,Yerden Isıtma,Boş,Krediye Uygun,Kat İrtifakı,Hayır,,,1,
4.100.000 TL,Mevlana Mahallesi,09 Eylül 2025,Daire,36 m²,40 m²,1+1,2,2.Kat,5.0,Klimalı,Kiracı Oturuyor,Krediye Uygun Değil,Kat İrtifakı,Hayır,Boş,Var,1,
6.900.000 TL,Yeşilova Mahallesi,27 Kasım 2025,Residence,90 m²,133 m²,2+1,0 (Yeni),30.Kat,30.0,Yerden Isıtma,Boş,Krediye Uygun,Kat İrtifakı,Evet,Boş,Yok,2,
3.600.000 TL,Atatürk Mahallesi,24 Eylül 2025,Daire,80 m²,85 m²,2+1,16-20,Bahçe Katı,5.0,Kombi Doğalgaz,Boş,Krediye Uygun Değil,Kat İrtifakı,Hayır,Boş,Yok,2,
5.400.000 TL,Erzene Mahallesi,29 Kasım 2025,Daire,120 m²,130 m²,3+1,21 Ve Üzeri,7.Kat,7.0,Kombi Doğalgaz,Boş,Krediye Uygun,Kat İrtifakı,Hayır,Boş,Var,1,1.0
8.000.000 TL,Tuna Mahallesi,06 Kasım 2025,Daire,118 m²,161 m²,3+1,5-10,5.Kat,14.0,Merkezi (Pay Ölçer),Kiracı Oturuyor,Krediye Uygun Değil,Kat İrtifakı,Evet,Boş,Yok,2,
4.800.000 TL,Kazımdirik Mahallesi,29 Kasım 2025,Müstakil Ev,100 m²,110 m²,2+1,16-20,,8.0,Kombi Doğalgaz,Mülk Sahibi Oturuyor,Krediye Uygun,Kooperatiften Tapu,Hayır,Boş,Var,1,1.0
12.500.000 TL,Atatürk Mahallesi,27 Kasım 2025,Müstakil Ev,98 m²,100 m²,2+1,21 Ve Üzeri,,3.0,Kombi Doğalgaz,Kiracı Oturuyor,Krediye Uygun,Müstakil Tapulu,Hayır,,,1,
4.000.000 TL,İnönü Mahallesi,24 Eylül 2025,Daire,100 m²,110 m²,3+1,16-20,3.Kat,3.0,Kombi Doğalgaz,Boş,Krediye Uygun Değil,Kat İrtifakı,Hayır,Boş,Yok,1,
9.800.000 TL,İnönü Mahallesi,13 Ekim 2025,Müstakil Ev,270 m²,293 m²,6+2,21 Ve Üzeri,,2.0,Kombi Doğalgaz,Kiracı Oturuyor,Bilinmiyor,Müstakil Tapulu,Hayır,,Yok,2,
4.250.000 TL,Zafer Mahallesi,07 Kasım 2025,Bina,89 m²,90 m²,2+1,21 Ve Üzeri,,3.0,Isıtma Yok,Mülk Sahibi Oturuyor,Bilinmiyor,Arsa Tapulu,Hayır,,,1,
7.800.000 TL,Kazımdirik Mahallesi,17 Eylül 2025,Daire,65 m²,72 m²,2+1,2,1.Kat,8.0,Merkezi (Pay Ölçer),Kiracı Oturuyor,Krediye Uygun,Kat İrtifakı,Evet,Boş,Var,2,
10.500.000 TL,Kazımdirik Mahallesi,13 Kasım 2025,Daire,110 m²,130 m²,3+1,5-10,7.Kat,7.0,Merkezi Doğalgaz,Kiracı Oturuyor,Krediye Uygun,Kat Mülkiyeti,Evet,,,2,
4.650.000 TL,Yeşilova Mahallesi,26 Kasım 2025,Daire,72 m²,85 m²,2+1,0 (Yeni),Düz Giriş (Zemin),2.0,Kombi Doğalgaz,Boş,Krediye Uygun,Kat İrtifakı,Hayır,Boş,Var,1,
4.175.000 TL,Kazımdirik Mahallesi,31 Ekim 2025,Daire,90 m²,110 m²,2+1,21 Ve Üzeri,1.Kat,7.0,Kombi Doğalgaz,Kiracı Oturuyor,Krediye Uygun,Kat Mülkiyeti,Hayır,Boş,Var,1,
1.500.000 TL,Atatürk Mahallesi,04 Kasım 2025,Daire,28 m²,30 m²,1 Oda,21 Ve Üzeri,Düz Giriş (Zemin),4.0,Isıtma Yok,Boş,Krediye Uygun,Kat Mülkiyeti,Hayır,,,1,
9.100.000 TL,Ergene Mahallesi,02 Ekim 2025,Daire,100 m²,130 m²,3+1,3,4.Kat,4.0,Kombi Doğalgaz,Mülk Sahibi Oturuyor,Krediye Uygun,Kat İrtifakı,Hayır,Eşyalı,Var,1,
2.850.000 TL,Mevlana Mahallesi,27 Kasım 2025,Daire,50 m²,60 m²,1+1,16-20,3.Kat,4.0,Kombi Doğalgaz,Boş,Bilinmiyor,Kat Mülkiyeti,Hayır,,Var,1,
6.650.000 TL,Kazımdirik Mahallesi,05 Kasım 2025,Daire,44 m²,60 m²,1+1,0 (Yeni),6.Kat,10.0,Merkezi (Pay Ölçer),Boş,Krediye Uygun,Kat Mülkiyeti,Evet,Boş,Yok,1,
6.400.000 TL,Kazımdirik Mahallesi,17 Eylül 2025,Daire,37 m²,45 m²,1+1,2,2.Kat,8.0,Merkezi (Pay Ölçer),Kiracı Oturuyor,Krediye Uygun,Kat İrtifakı,Evet,Boş,Var,1,
5.750.000 TL,Koşukavak Mahallesi,27 Ekim 2025,Daire,75 m²,89 m²,2+1,1,22.Kat,24.0,Kombi Doğalgaz,Kiracı Oturuyor,Krediye Uygun,Kat İrtifakı,Evet,Boş,Var,2,
4.400.000 TL,Atatürk Mahallesi,22 Eylül 2025,Daire,100 m²,106 m²,3+1,21 Ve Üzeri,2.Kat,3.0,Kombi Doğalgaz,Boş,Krediye Uygun,Kat Mülkiyeti,Hayır,Boş,Yok,1,
5.300.000 TL,Erzene Mahallesi,25 Kasım 2025,Daire,120 m²,125 m²,3+1,21 Ve Üzeri,1.Kat,4.0,Isıtma Yok,Kiracı Oturuyor,Krediye Uygun,Kat Mülkiyeti,Hayır,Boş,Yok,1,
14.000.000 TL,Kazımdirik Mahallesi,20 Ekim 2025,Daire,155 m²,191 m²,3+1,5-10,1.Kat,15.0,Merkezi Doğalgaz,Kiracı Oturuyor,Krediye Uygun,Kat Mülkiyeti,Hayır,Boş,Yok,2,2.0
2.750.000 TL,Atatürk Mahallesi,04 Eylül 2025,Daire,40 m²,44 m²,1+1,16-20,2.Kat,5.0,Kombi Doğalgaz,Boş,Krediye Uygun Değil,Kat Mülkiyeti,Hayır,Boş,Yok,1,
8.975.000 TL,Kemalpaşa Mahallesi,13 Eylül 2025,Daire,120 m²,135 m²,3+1,0 (Yeni),1.Kat,3.0,Yerden Isıtma,Boş,Krediye Uygun Değil,Kat Mülkiyeti,Evet,Boş,Var,2,
3.100.000 TL,Doğanlar Mahallesi,27 Kasım 2025,Daire,50 m²,55 m²,1+1,4,2.Kat,6.0,Yerden Isıtma,Kiracı Oturuyor,Krediye Uygun Değil,Kat İrtifakı,Hayır,Boş,Yok,1,
6.950.000 TL,Kazımdirik Mahallesi,10 Kasım 2025,Daire,62 m²,85 m²,2+1,0 (Yeni),8.Kat,8.0,Kombi Doğalgaz,Boş,Krediye Uygun,Kat İrtifakı,Hayır,Boş,Var,1,
3.800.000 TL,Rafet Paşa Mahallesi,17 Eylül 2025,Daire,90 m²,110 m²,2+1,21 Ve Üzeri,3.Kat,3.0,Kombi Doğalgaz,Kiracı Oturuyor,Krediye Uygun,Kat Mülkiyeti,Hayır,Boş,Yok,1,
4.100.000 TL,Kazımdirik Mahallesi,05 Eylül 2025,Daire,45 m²,55 m²,1+1,1,7.Kat,7.0,Merkezi (Pay Ölçer),Kiracı Oturuyor,Krediye Uygun,Kat Mülkiyeti,Evet,Boş,Yok,1,
6.000.000 TL,Yıldırım Beyazıt Mahallesi,26 Kasım 2025,Müstakil Ev,100 m²,110 m²,2+1,16-20,,3.0,Klimalı,Kiracı Oturuyor,Krediye Uygun,Müstakil Tapulu,Hayır,,,3,
4.925.000 TL,Rafet Paşa Mahallesi,27 Ekim 2025,Müstakil Ev,164 m²,165 m²,2+1,21 Ve Üzeri,,1.0,Sobalı,Boş,Krediye Uygun,Müstakil Tapulu,Hayır,Boş,Yok,1,
5.650.000 TL,Barbaros Mahallesi,24 Ekim 2025,Daire,85 m²,101 m²,2+1,0 (Yeni),5.Kat,13.0,Merkezi (Pay Ölçer),Boş,Krediye Uygun,Kat Mülkiyeti,Hayır,Boş,Var,1,
3.650.000 TL,Doğanlar Mahallesi,27 Kasım 2025,Daire,36 m²,45 m²,1+1,0 (Yeni),Bahçe Katı,2.0,Kombi Doğalgaz,Boş,Krediye Uygun,Kat İrtifakı,Hayır,Boş,Yok,1,1.0
2.800.000 TL,Barbaros Mahallesi,24 Ekim 2025,Müstakil Ev,90 m²,100 m²,2+1,21 Ve Üzeri,,1.0,Sobalı,Mülk Sahibi Oturuyor,Krediye Uygun,Müstakil Tapulu,Hayır,Boş,Var,1,
4.250.000 TL,Erzene Mahallesi,04 Eylül 2025,Daire,110 m²,120 m²,2+1,16-20,5.Kat,5.0,Kombi Doğalgaz,Kiracı Oturuyor,Krediye Uygun Değil,Kat Mülkiyeti,Hayır,Boş,Yok,2,
20.500.000 TL,Evka 3 Mahallesi,30 Eylül 2025,Daire,145 m²,185 m²,3+1,0 (Yeni),2.Kat,4.0,Kombi Doğalgaz,Boş,Krediye Uygun,Kat İrtifakı,Hayır,Boş,Yok,2,
3.050.000 TL,Ergene Mahallesi,14 Ekim 2025,Daire,100 m²,121 m²,2+1,5-10,Kot 2 (-2).Kat,4.0,Klimalı,Mülk Sahibi Oturuyor,Krediye Uygun,Kat Mülkiyeti,Hayır,,,1,
4.750.000 TL,Barbaros Mahallesi,05 Kasım 2025,Daire,55 m²,88 m²,1+1,4,16.Kat,30.0,Merkezi (Pay Ölçer),Mülk Sahibi Oturuyor,Krediye Uygun,Kat İrtifakı,Hayır,,Yok,1,
4.500.000 TL,Kazımdirik Mahallesi,29 Eylül 2025,Daire,37 m²,48 m²,1+1,4,3.Kat,5.0,Kombi Doğalgaz,Kiracı Oturuyor,Krediye Uygun,Kat Mülkiyeti,Hayır,,,1,
5.000.000 TL,Atatürk Mahallesi,17 Kasım 2025,Daire,90 m²,100 m²,2+1,16-20,3.Kat,5.0,Kombi Doğalgaz,Kiracı Oturuyor,Krediye Uygun,Kat Mülkiyeti,Hayır,Eşyalı,Var,1,1.0
8.750.000 TL,Kazımdirik Mahallesi,08 Kasım 2025,Daire,76 m²,117 m²,2+1,5-10,13.Kat,15.0,Merkezi (Pay Ölçer),Kiracı Oturuyor,Krediye Uygun,Kat İrtifakı,Evet,Boş,Yok,1,
3.100.000 TL,Mevlana Mahallesi,19 Kasım 2025,Daire,40 m²,45 m²,1+1,0 (Yeni),Yüksek Giriş,3.0,Kombi Doğalgaz,Boş,Krediye Uygun,Kat Mülkiyeti,Hayır,Boş,Yok,1,1.0
7.250.000 TL,Kazımdirik Mahallesi,27 Kasım 2025,Daire,95 m²,115 m²,3+1,5-10,Yüksek Giriş,4.0,Doğalgaz Sobalı,Boş,Krediye Uygun,Kat İrtifakı,Hayır,Boş,Var,2,2.0
4.400.000 TL,Kazımdirik Mahallesi,31 Ekim 2025,Daire,85 m²,105 m²,2+1,21 Ve Üzeri,1.Kat,4.0,Kombi Doğalgaz,Kiracı Oturuyor,Krediye Uygun,Kat İrtifakı,Hayır,Boş,Var,1,
3.950.000 TL,Atatürk Mahallesi,29 Kasım 2025,Müstakil Ev,135 m²,140 m²,3+1,16-20,,3.0,Kombi Doğalgaz,Mülk Sahibi Oturuyor,Krediye Uygun,Kooperatiften Tapu,Hayır,Boş,Yok,1,1.0
11.300.000 TL,Kazımdirik Mahallesi,27 Ekim 2025,Daire,70 m²,120 m²,2+1,5-10,14.Kat,28.0,Merkezi (Pay Ölçer),Kiracı Oturuyor,Krediye Uygun,Kat Mülkiyeti,Evet,Boş,Yok,1,
10.750.000 TL,Kazımdirik Mahallesi,08 Kasım 2025,Daire,105 m²,130 m²,3+1,0 (Yeni),4.Kat,7.0,Kombi Doğalgaz,Boş,Krediye Uygun Değil,Kat İrtifakı,Hayır,Boş,Yok,2,
13.750.000 TL,Atatürk Mahallesi,22 Eylül 2025,Villa,160 m²,180 m²,4+1,0 (Yeni),,3.0,Kombi Doğalgaz,Boş,Krediye Uygun,Kat Mülkiyeti,Hayır,Boş,Var,2,
6.900.000 TL,Kazımdirik Mahallesi,10 Eylül 2025,Daire,50 m²,60 m²,1+1,1,1.Kat,8.0,Merkezi (Pay Ölçer),Boş,Krediye Uygun,Kat İrtifakı,Evet,Boş,Yok,1,
5.280.000 TL,Mevlana Mahallesi,08 Kasım 2025,Daire,130 m²,140 m²,3+1,16-20,5.Kat,7.0,Kombi Doğalgaz,Kiracı Oturuyor,Krediye Uygun,Kat Mülkiyeti,Evet,Boş,Yok,2,
3.450.000 TL,Kızılay Mahallesi,29 Kasım 2025,Müstakil Ev,110 m²,120 m²,3+1,21 Ve Üzeri,,4.0,Kombi Doğalgaz,Mülk Sahibi Oturuyor,Krediye Uygun,Kat Mülkiyeti,Hayır,Boş,Yok,1,1.0
8.150.000 TL,Atatürk Mahallesi,24 Ekim 2025,Daire,110 m²,120 m²,3+1,5-10,3.Kat,4.0,Kombi Doğalgaz,Mülk Sahibi Oturuyor,Krediye Uygun,Kat Mülkiyeti,Hayır,Boş,Var,1,
5.390.000 TL,Erzene Mahallesi,07 Kasım 2025,Daire,77 m²,90 m²,2+1,4,Yüksek Giriş,7.0,Kombi Doğalgaz,Kiracı Oturuyor,Krediye Uygun,Kat Mülkiyeti,Evet,,,1,
5.600.000 TL,Ergene Mahallesi,01 Eylül 2025,Daire,65 m²,70 m²,2+1,5-10,3.Kat,4.0,Kombi Doğalgaz,Boş,Krediye Uygun,Kat İrtifakı,Hayır,Boş,Yok,1,
3.500.000 TL,Erzene Mahallesi,10 Kasım 2025,Daire,115 m²,120 m²,3+1,11-15,Bahçe Katı,3.0,Kombi Doğalgaz,Mülk Sahibi Oturuyor,Krediye Uygun,Kat İrtifakı,Hayır,Boş,Yok,1,
7.249.000 TL,Erzene Mahallesi,26 Kasım 2025,Daire,120 m²,130 m²,3+1,21 Ve Üzeri,3.Kat,3.0,Kombi Doğalgaz,Mülk Sahibi Oturuyor,Krediye Uygun,Kat Mülkiyeti,Hayır,,,1,
4.500.000 TL,İnönü Mahallesi,27 Kasım 2025,Daire,100 m²,111 m²,3+1,21 Ve Üzeri,2.Kat,4.0,Kombi Doğalgaz,Boş,Krediye Uygun,Kat Mülkiyeti,Hayır,Boş,Yok,1,
5.150.000 TL,İnönü Mahallesi,06 Eylül 2025,Daire,135 m²,140 m²,3+1,16-20,3.Kat,5.0,Kombi Doğalgaz,Boş,Krediye Uygun Değil,Kat Mülkiyeti,Hayır,Boş,Var,1,
14.100.000 TL,Erzene Mahallesi,27 Ekim 2025,Daire,112 m²,130 m²,3+1,0 (Yeni),3.Kat,5.0,Yerden Isıtma,Boş,Krediye Uygun,Kat İrtifakı,Evet,Boş,Var,2,
9.000.000 TL,Barbaros Mahallesi,24 Ekim 2025,Daire,120 m²,140 m²,3+1,5-10,1.Kat,16.0,Merkezi (Pay Ölçer),Boş,Krediye Uygun,Kat Mülkiyeti,Evet,,,2,
5.450.000 TL,Atatürk Mahallesi,29 Kasım 2025,Daire,80 m²,90 m²,2+1,21 Ve Üzeri,3.Kat,5.0,Kombi Doğalgaz,Mülk Sahibi Oturuyor,Krediye Uygun,Kat Mülkiyeti,Hayır,Boş,Yok,1,
1.750.000 TL,İnönü Mahallesi,02 Ekim 2025,Daire,48 m²,50 m²,1+1,11-15,Kot 1 (-1).Kat,1.0,Kombi Doğalgaz,Boş,Krediye Uygun,Kat Mülkiyeti,Hayır,,Yok,1,
4.250.000 TL,Kazımdirik Mahallesi,27 Kasım 2025,Daire,80 m²,90 m²,2+1,5-10,2.Kat,4.0,Kombi Doğalgaz,Kiracı Oturuyor,Krediye Uygun,Kat Mülkiyeti,Hayır,Boş,Yok,1,1.0
3.890.000 TL,Kazımdirik Mahallesi,26 Kasım 2025,Daire,120 m²,135 m²,3+1,21 Ve Üzeri,Yüksek Giriş,4.0,Kombi Doğalgaz,Boş,Krediye Uygun Değil,Kat Mülkiyeti,Hayır,Boş,Yok,1,2.0
44.000.000 TL,Kazımdirik Mahallesi,08 Kasım 2025,Villa,230 m²,250 m²,4+1,16-20,,3.0,Kombi Doğalgaz,Mülk Sahibi Oturuyor,Krediye Uygun,Kat Mülkiyeti,Hayır,Boş,Var,2,
3.850.000 TL,Kemalpaşa Mahallesi,27 Kasım 2025,Daire,50 m²,58 m²,1+1,0 (Yeni),2.Kat,4.0,Kombi Doğalgaz,Boş,Krediye Uygun Değil,Kat İrtifakı,Hayır,Boş,Yok,1,
13.500.000 TL,Ergene Mahallesi,24 Ekim 2025,Daire,190 m²,220 m²,4+1,11-15,2.Kat,3.0,Kombi Doğalgaz,Boş,Krediye Uygun,Kat Mülkiyeti,Hayır,Boş,Yok,3,
3.400.000 TL,Evka 4 Mahallesi,14 Eylül 2025,Daire,62 m²,67 m²,2+1,21 Ve Üzeri,1.Kat,5.0,Klimalı,Kiracı Oturuyor,Krediye Uygun,Kat Mülkiyeti,Hayır,Eşyalı,Yok,1,
4.000.000 TL,Ergene Mahallesi,27 Kasım 2025,Daire,55 m²,65 m²,1+1,5-10,Yüksek Giriş,6.0,Kombi Doğalgaz,Kiracı Oturuyor,Krediye Uygun,Kat Mülkiyeti,Hayır,Boş,Yok,1,
2.950.000 TL,Barbaros Mahallesi,28 Ekim 2025,Daire,110 m²,122 m²,3+1,21 Ve Üzeri,2.Kat,3.0,Klimalı,Mülk Sahibi Oturuyor,Krediye Uygun Değil,Kat Mülkiyeti,Hayır,Boş,Yok,1,
5.100.000 TL,İnönü Mahallesi,15 Ekim 2025,Daire,135 m²,140 m²,3+1,16-20,4.Kat,4.0,Kombi Doğalgaz,Boş,Krediye Uygun Değil,Kat Mülkiyeti,Evet,,,1,
5.850.000 TL,Erzene Mahallesi,20 Kasım 2025,Daire,100 m²,120 m²,3+1,21 Ve Üzeri,6.Kat,8.0,Merkezi Doğalgaz,Boş,Krediye Uygun,Kat Mülkiyeti,Hayır,Boş,Yok,1,2.0
3.350.000 TL,Erzene Mahallesi,27 Kasım 2025,Daire,86 m²,90 m²,2+1,21 Ve Üzeri,3.Kat,6.0,Kombi Doğalgaz,Mülk Sahibi Oturuyor,Krediye Uygun,Kat İrtifakı,Hayır,Boş,Yok,1,
4.100.000 TL,İnönü Mahallesi,26 Eylül 2025,Daire,78 m²,80 m²,2+1,16-20,3.Kat,5.0,Kombi Doğalgaz,Boş,Krediye Uygun Değil,Kat Mülkiyeti,Hayır,Boş,Var,1,
6.250.000 TL,Kızılay Mahallesi,05 Ekim 2025,Daire,110 m²,120 m²,3+1,5-10,2.Kat,2.0,Kombi Doğalgaz,Boş,Krediye Uygun,Kat Mülkiyeti,Hayır,,,2,
3.990.000 TL,Meriç Mahallesi,20 Kasım 2025,Müstakil Ev,150 m²,155 m²,4+1,21 Ve Üzeri,,2.0,Klimalı,Mülk Sahibi Oturuyor,Bilinmiyor,Hisseli Tapu,Hayır,Boş,Yok,2,2.0
39.999.999 TL,Kızılay Mahallesi,27 Kasım 2025,Villa,375 m²,750 m²,7+1,5-10,,5.0,Kombi Doğalgaz,Mülk Sahibi Oturuyor,Krediye Uygun,Kat İrtifakı,Hayır,,,4,
6.750.000 TL,Erzene Mahallesi,29 Kasım 2025,Daire,75 m²,80 m²,2+1,3,5.Kat,5.0,Kombi Doğalgaz,Mülk Sahibi Oturuyor,Krediye Uygun,Kat İrtifakı,Hayır,Boş,Yok,1,1.0
6.900.000 TL,Kazımdirik Mahallesi,16 Eylül 2025,Daire,45 m²,50 m²,1+1,1,Bahçe Katı,8.0,Merkezi (Pay Ölçer),Boş,Krediye Uygun,Kat İrtifakı,Evet,Boş,Yok,1,
11.000.000 TL,Mevlana Mahallesi,27 Ekim 2025,Daire,180 m²,200 m²,2+1,21 Ve Üzeri,3.Kat,5.0,Sobalı,Kiracı Oturuyor,Bilinmiyor,Arsa Tapulu,Hayır,Boş,Yok,1,1.0
6.400.000 TL,Kazımdirik Mahallesi,04 Kasım 2025,Daire,38 m²,50 m²,1+1,5-10,4.Kat,15.0,Merkezi (Pay Ölçer),Kiracı Oturuyor,Krediye Uygun,Kat İrtifakı,Hayır,Boş,Yok,1,1.0
2.750.000 TL,Zafer Mahallesi,26 Kasım 2025,Daire,106 m²,115 m²,3+1,21 Ve Üzeri,Bodrum Kat,3.0,Sobalı,Kiracı Oturuyor,Bilinmiyor,Hisseli Tapu,Hayır,,,1,
4.250.000 TL,İnönü Mahallesi,22 Eylül 2025,Daire,100 m²,110 m²,3+1,16-20,4.Kat,4.0,Kombi Doğalgaz,Boş,Krediye Uygun Değil,Kat Mülkiyeti,Hayır,Boş,Yok,1,
5.250.000 TL,Barbaros Mahallesi,28 Eylül 2025,Daire,48 m²,57 m²,1+1,4,12.Kat,30.0,Merkezi (Pay Ölçer),Boş,Krediye Uygun,Kat İrtifakı,Evet,Eşyalı,Yok,1,
3.400.000 TL,Kızılay Mahallesi,24 Ekim 2025,Daire,44 m²,54 m²,1+1,5-10,1.Kat,5.0,Klimalı,Kiracı Oturuyor,Krediye Uygun,Kat İrtifakı,Hayır,Boş,Yok,1,
4.250.000 TL,Atatürk Mahallesi,21 Kasım 2025,Daire,78 m²,80 m²,2+1,11-15,2.Kat,3.0,Kombi Doğalgaz,Boş,Krediye Uygun,Kat Mülkiyeti,Hayır,Boş,Var,1,
8.800.000 TL,Erzene Mahallesi,15 Kasım 2025,Daire,100 m²,120 m²,2+1,4,3.Kat,5.0,Kombi Doğalgaz,Mülk Sahibi Oturuyor,Krediye Uygun,Kat Mülkiyeti,Hayır,Boş,Yok,2,
9.100.000 TL,Atatürk Mahallesi,31 Ekim 2025,Daire,153 m²,173 m²,3+1,21 Ve Üzeri,4.Kat,4.0,Kombi Doğalgaz,Boş,Krediye Uygun,Kat Mülkiyeti,Evet,,,2,
4.150.000 TL,Mevlana Mahallesi,07 Kasım 2025,Daire,75 m²,84 m²,2+1,0 (Yeni),3.Kat,3.0,Kombi Doğalgaz,Boş,Krediye Uygun,Kat Mülkiyeti,Evet,,,1,
3.500.000 TL,Rafet Paşa Mahallesi,12 Eylül 2025,Daire,100 m²,130 m²,2+1,21 Ve Üzeri,Yüksek Giriş,4.0,Kombi Doğalgaz,Kiracı Oturuyor,Krediye Uygun,Kat Mülkiyeti,Hayır,,,1,
5.500.000 TL,Kazımdirik Mahallesi,29 Kasım 2025,Daire,45 m²,50 m²,1+1,0 (Yeni),2.Kat,4.0,Kombi Doğalgaz,Boş,Krediye Uygun,Kat İrtifakı,Hayır,Eşyalı,Yok,1,1.0
13.000.000 TL,Yeşilova Mahallesi,27 Kasım 2025,Daire,130 m²,160 m²,3+1,11-15,8.Kat,9.0,Kombi Doğalgaz,Boş,Krediye Uygun,Kat Mülkiyeti,Evet,Boş,Yok,2,2.0
7.850.000 TL,Yakaköy Mahallesi,31 Ekim 2025,Müstakil Ev,60 m²,75 m²,2+1,21 Ve Üzeri,,1.0,Isıtma Yok,Kiracı Oturuyor,Krediye Uygun,Tapu Kaydı Yok,Hayır,,Yok,1,
14.000.000 TL,Evka 3 Mahallesi,29 Eylül 2025,Daire,160 m²,180 m²,3+1,21 Ve Üzeri,7.Kat,8.0,Kombi Doğalgaz,Boş,Krediye Uygun Değil,Kat Mülkiyeti,Hayır,Boş,Yok,2,
2.800.000 TL,Evka 4 Mahallesi,02 Ekim 2025,Daire,65 m²,66 m²,2+1,21 Ve Üzeri,2.Kat,6.0,Kombi Doğalgaz,Kiracı Oturuyor,Krediye Uygun,Kat Mülkiyeti,Hayır,,Yok,1,
15.500.000 TL,Yeşilova Mahallesi,30 Eylül 2025,Daire,130 m²,160 m²,3+1,1,18.Kat,24.0,Yerden Isıtma,Boş,Krediye Uygun,Kat İrtifakı,Evet,Boş,Var,2,
4.350.000 TL,Kazımdirik Mahallesi,28 Kasım 2025,Daire,120 m²,125 m²,3+1,21 Ve Üzeri,1.Kat,8.0,Klimalı,Kiracı Oturuyor,Krediye Uygun,Kat Mülkiyeti,Hayır,Eşyalı,Yok,1,
15.000.000 TL,Kızılay Mahallesi,20 Kasım 2025,Müstakil Ev,97 m²,197 m²,5+2,16-20,,3.0,Kombi Doğalgaz,Mülk Sahibi Oturuyor,Krediye Uygun,Müstakil Tapulu,Hayır,Boş,Var,3,
4.000.000 TL,Mevlana Mahallesi,28 Kasım 2025,Daire,120 m²,130 m²,2+1,21 Ve Üzeri,2.Kat,4.0,Kombi Doğalgaz,Mülk Sahibi Oturuyor,Krediye Uygun,Kat Mülkiyeti,Hayır,Boş,Yok,2,
3.300.000 TL,Mevlana Mahallesi,15 Kasım 2025,Daire,40 m²,45 m²,1+1,0 (Yeni),2.Kat,2.0,Kombi Doğalgaz,Boş,Krediye Uygun,Kat İrtifakı,Hayır,,,1,
10.000.000 TL,Atatürk Mahallesi,25 Kasım 2025,Daire,120 m²,130 m²,3+1,0 (Yeni),4.Kat,5.0,Yerden Isıtma,Boş,Krediye Uygun,Kat İrtifakı,Hayır,Boş,Var,2,
3.000.000 TL,Kızılay Mahallesi,17 Kasım 2025,Daire,40 m²,60 m²,1+1,16-20,3.Kat,3.0,Kombi Doğalgaz,Boş,Krediye Uygun,Kat Mülkiyeti,Hayır,Boş,Var,1,
5.750.000 TL,Kazımdirik Mahallesi,30 Eylül 2025,Daire,125 m²,140 m²,3+1,21 Ve Üzeri,6.Kat,8.0,Kombi Doğalgaz,Boş,Krediye Uygun,Kat Mülkiyeti,Hayır,Boş,Yok,2,
3.225.000 TL,Mevlana Mahallesi,15 Kasım 2025,Daire,45 m²,50 m²,1+1,0 (Yeni),Yüksek Giriş,3.0,Kombi Doğalgaz,Boş,Krediye Uygun,Kat İrtifakı,Hayır,Eşyalı,Yok,1,
3.100.000 TL,Yakaköy Mahallesi,02 Ekim 2025,Müstakil Ev,115 m²,200 m²,2+1,5-10,,1.0,Sobalı,Kiracı Oturuyor,Krediye Uygun Değil,Hisseli Tapu,Hayır,Eşyalı,Yok,1,
10.500.000 TL,Yeşilova Mahallesi,02 Ekim 2025,Daire,148 m²,178 m²,3+1,11-15,1.Kat,10.0,Kombi Doğalgaz,Mülk Sahibi Oturuyor,Krediye Uygun,Kat İrtifakı,Evet,Boş,Yok,2,
6.750.000 TL,Erzene Mahallesi,29 Kasım 2025,Daire,180 m²,190 m²,4+1,21 Ve Üzeri,6.Kat,6.0,Kombi Doğalgaz,Kiracı Oturuyor,Krediye Uygun,Kat Mülkiyeti,Evet,Boş,Yok,1,2.0
5.500.000 TL,Yakaköy Mahallesi,24 Eylül 2025,Müstakil Ev,150 m²,340 m²,4+1,2,,2.0,Sobalı,Mülk Sahibi Oturuyor,Krediye Uygun Değil,Hisseli Tapu,Hayır,Boş,Yok,2,2.0
3.650.000 TL,Koşukavak Mahallesi,27 Kasım 2025,Daire,90 m²,135 m²,2+1,5-10,Çatı Katı,3.0,Doğalgaz Sobalı,Mülk Sahibi Oturuyor,Krediye Uygun,Kat Mülkiyeti,Hayır,Boş,Yok,1,1.0
4.850.000 TL,Kızılay Mahallesi,20 Ekim 2025,Daire,124 m²,130 m²,3+1,11-15,2.Kat,3.0,Kombi Doğalgaz,Boş,Krediye Uygun,Kat Mülkiyeti,Hayır,Boş,Yok,1,
8.000.000 TL,Tuna Mahallesi,31 Ekim 2025,Daire,135 m²,162 m²,3+1,5-10,5.Kat,14.0,Merkezi (Pay Ölçer),Kiracı Oturuyor,Krediye Uygun,Kat İrtifakı,Evet,Boş,Yok,2,
4.850.000 TL,Kızılay Mahallesi,23 Ekim 2025,Daire,120 m²,125 m²,3+1,11-15,2.Kat,3.0,Kombi Doğalgaz,Boş,Krediye Uygun,Kat Mülkiyeti,Hayır,Boş,,1,2.0
6.700.000 TL,Mevlana Mahallesi,06 Kasım 2025,Daire,150 m²,160 m²,3+1,5-10,Yüksek Giriş,3.0,Kombi Doğalgaz,Mülk Sahibi Oturuyor,Krediye Uygun,Tapu Kaydı Yok,Hayır,Boş,Yok,2,
3.100.000 TL,Kemalpaşa Mahallesi,10 Eylül 2025,Daire,100 m²,110 m²,3+1,21 Ve Üzeri,Yüksek Giriş,2.0,Klimalı,Kiracı Oturuyor,Krediye Uygun,Kat Mülkiyeti,Hayır,,Yok,1,
4.100.000 TL,Kemalpaşa Mahallesi,29 Eylül 2025,Daire,110 m²,126 m²,3+1,16-20,1.Kat,4.0,Kombi Doğalgaz,Kiracı Oturuyor,Krediye Uygun,Kat Mülkiyeti,Hayır,Boş,Yok,1,
9.300.000 TL,Erzene Mahallesi,29 Kasım 2025,Daire,135 m²,147 m²,3+1,5-10,5.Kat,5.0,Kombi Doğalgaz,Kiracı Oturuyor,Krediye Uygun,Kat Mülkiyeti,Evet,Boş,Var,1,2.0
4.500.000 TL,Atatürk Mahallesi,29 Kasım 2025,Daire,100 m²,110 m²,2+1,21 Ve Üzeri,1.Kat,4.0,Kombi Doğalgaz,Mülk Sahibi Oturuyor,Krediye Uygun,Kat İrtifakı,Hayır,Boş,Var,1,2.0
20.900.000 TL,Evka 3 Mahallesi,15 Eylül 2025,Daire,240 m²,300 m²,4+2,16-20,9.Kat,9.0,Doğalgaz Sobalı,Boş,Krediye Uygun,Kat Mülkiyeti,Hayır,,Var,2,
4.250.000 TL,Doğanlar Mahallesi,29 Kasım 2025,Daire,77 m²,80 m²,2+1,0 (Yeni),3.Kat,4.0,Kombi Doğalgaz,Boş,Krediye Uygun,Kat İrtifakı,Evet,Boş,Yok,1,1.0
4.650.000 TL,Yakaköy Mahallesi,25 Ekim 2025,Müstakil Ev,60 m²,500 m²,2+1,1,,1.0,Sobalı,Boş,Krediye Uygun,Hisseli Tapu,Hayır,Eşyalı,Var,1,
4.200.000 TL,Evka 3 Mahallesi,03 Ekim 2025,Daire,38 m²,42 m²,1+1,0 (Yeni),4.Kat,5.0,Yerden Isıtma,Boş,Krediye Uygun Değil,Kat İrtifakı,Hayır,Boş,Var,1,
5.500.000 TL,Yakaköy Mahallesi,25 Kasım 2025,Villa,200 m²,250 m²,3+1,1,,2.0,Kombi Doğalgaz,Mülk Sahibi Oturuyor,Krediye Uygun Değil,Hisseli Tapu,Hayır,Boş,Var,1,
3.250.000 TL,Yeşilova Mahallesi,27 Kasım 2025,Daire,38 m²,60 m²,1+1,0 (Yeni),15.Kat,38.0,VRV,Boş,Krediye Uygun Değil,Kat İrtifakı,Hayır,,,1,
6.000.000 TL,Birlik Mahallesi,27 Kasım 2025,Bina,115 m²,116 m²,9+ Oda,21 Ve Üzeri,,4.0,Isıtma Yok,Mülk Sahibi Oturuyor,Krediye Uygun,Müstakil Tapulu,Hayır,,,3,
4.600.000 TL,Kazımdirik Mahallesi,01 Kasım 2025,Daire,80 m²,90 m²,2+1,21 Ve Üzeri,3.Kat,7.0,Kombi Doğalgaz,Boş,Krediye Uygun,Kat Mülkiyeti,Hayır,Boş,Yok,1,
5.000.000 TL,Tuna Mahallesi,10 Kasım 2025,Bina,350 m²,360 m²,3+1,21 Ve Üzeri,,3.0,Klimalı,Kiracı Oturuyor,Bilinmiyor,Müstakil Tapulu,Hayır,,,1,
4.850.000 TL,Kızılay Mahallesi,20 Ekim 2025,Daire,124 m²,130 m²,3+1,11-15,Çatı Katı,3.0,Kombi Doğalgaz,Kiracı Oturuyor,Krediye Uygun,Kat Mülkiyeti,Hayır,Boş,Yok,1,2.0
5.200.000 TL,Serintepe Mahallesi,11 Ekim 2025,Müstakil Ev,110 m²,121 m²,2+1,21 Ve Üzeri,,4.0,Kombi Doğalgaz,Kiracı Oturuyor,Krediye Uygun,Kat Mülkiyeti,Hayır,Eşyalı,Yok,1,1.0
2.050.000 TL,Meriç Mahallesi,26 Kasım 2025,Daire,80 m²,85 m²,1+1,21 Ve Üzeri,4.Kat,4.0,Klimalı,Boş,Krediye Uygun,Kat Mülkiyeti,Hayır,,,1,
10.100.000 TL,İnönü Mahallesi,30 Eylül 2025,Daire,165 m²,170 m²,4+1,5-10,3.Kat,4.0,Kombi Doğalgaz,Mülk Sahibi Oturuyor,Krediye Uygun,Kat Mülkiyeti,Hayır,Boş,Var,2,
2.100.000 TL,Barbaros Mahallesi,01 Ekim 2025,Daire,70 m²,80 m²,2+1,21 Ve Üzeri,2.Kat,3.0,Klimalı,Kiracı Oturuyor,Krediye Uygun Değil,Kat İrtifakı,Hayır,Boş,Yok,1,
15.850.000 TL,Sarnıçköy Mahallesi,02 Ekim 2025,Müstakil Ev,160 m²,260 m²,4+1,21 Ve Üzeri,,3.0,Sobalı,Mülk Sahibi Oturuyor,Krediye Uygun,Arsa Tapulu,Hayır,Boş,Var,2,
5.800.000 TL,Yıldırım Beyazıt Mahallesi,23 Kasım 2025,Müstakil Ev,180 m²,220 m²,5+1,21 Ve Üzeri,,2.0,Klimalı,Mülk Sahibi Oturuyor,Krediye Uygun Değil,Arsa Tapulu,Hayır,Boş,Yok,1,1.0
3.390.000 TL,Zafer Mahallesi,27 Ekim 2025,Müstakil Ev,120 m²,170 m²,2+1,21 Ve Üzeri,,2.0,Sobalı,Boş,Krediye Uygun,Kat Mülkiyeti,Hayır,,Yok,1,
17.000.000 TL,Evka 3 Mahallesi,29 Kasım 2025,Daire,144 m²,168 m²,3+1,3,Villa Tipi,3.0,Kombi Doğalgaz,Kiracı Oturuyor,Krediye Uygun,Kat İrtifakı,Hayır,Boş,Yok,2,2.0
8.300.000 TL,Kemalpaşa Mahallesi,05 Ekim 2025,Daire,100 m²,110 m²,3+1,0 (Yeni),Bahçe Dublex,4.0,Kombi Doğalgaz,Boş,Krediye Uygun,Kat Mülkiyeti,Evet,,,3,
5.500.000 TL,Doğanlar Mahallesi,29 Kasım 2025,Daire,110 m²,125 m²,2+1,0 (Yeni),2.Kat,2.0,Kombi Doğalgaz,Boş,Krediye Uygun,Kat İrtifakı,Hayır,Boş,Var,2,2.0
3.800.000 TL,Evka 3 Mahallesi,28 Kasım 2025,Daire,50 m²,64 m²,1+1,4,2.Kat,2.0,Klimalı,Kiracı Oturuyor,Krediye Uygun,Kat İrtifakı,Hayır,Boş,Yok,1,
3.150.000 TL,Birlik Mahallesi,27 Kasım 2025,Daire,95 m²,105 m²,3+1,21 Ve Üzeri,2.Kat,3.0,Isıtma Yok,Kiracı Oturuyor,Krediye Uygun,Kat Mülkiyeti,Hayır,Boş,Yok,1,
3.250.000 TL,Birlik Mahallesi,08 Kasım 2025,Müstakil Ev,80 m²,95 m²,2+1,21 Ve Üzeri,,1.0,Klimalı,Mülk Sahibi Oturuyor,Krediye Uygun,Bilinmiyor,Hayır,Boş,Yok,1,1.0
9.500.000 TL,Rafet Paşa Mahallesi,01 Kasım 2025,Residence,75 m²,128 m²,2+1,1,21.Kat,25.0,Klimalı,Boş,Krediye Uygun Değil,Kat Mülkiyeti,Hayır,Boş,Yok,1,
3.975.000 TL,Gazi Osman Paşa Mahallesi,31 Ekim 2025,Daire,80 m²,90 m²,2+1,11-15,3.Kat,3.0,Kombi Doğalgaz,Mülk Sahibi Oturuyor,Krediye Uygun,Kat İrtifakı,Hayır,,Yok,1,
3.900.000 TL,Koşukavak Mahallesi,27 Kasım 2025,Daire,90 m²,92 m²,2+1,21 Ve Üzeri,4.Kat,5.0,Kombi Doğalgaz,Kiracı Oturuyor,Krediye Uygun,Kat Mülkiyeti,Hayır,,,1,2.0
8.500.000 TL,Kemalpaşa Mahallesi,05 Ekim 2025,Daire,110 m²,120 m²,3+1,0 (Yeni),3.Kat,4.0,Kombi Doğalgaz,Boş,Krediye Uygun,Kat Mülkiyeti,Hayır,,,2,
18.750.000 TL,Yakaköy Mahallesi,01 Ekim 2025,Müstakil Ev,224 m²,300 m²,4+1,1,,2.0,Kat Kaloriferi,Mülk Sahibi Oturuyor,Krediye Uygun Değil,Arsa Tapulu,Hayır,,Yok,3,
4.700.000 TL,Doğanlar Mahallesi,29 Kasım 2025,Daire,73 m²,83 m²,2+1,0 (Yeni),3.Kat,4.0,Kombi Doğalgaz,Boş,Krediye Uygun,Kat İrtifakı,Hayır,Boş,Yok,1,1.0
5.000.000 TL,Yakaköy Mahallesi,31 Ekim 2025,Müstakil Ev,90 m²,500 m²,2+1,2,,1.0,Sobalı,Boş,Krediye Uygun Değil,Hisseli Tapu,Hayır,Eşyalı,Var,1,
5.500.000 TL,Erzene Mahallesi,27 Kasım 2025,Daire,75 m²,80 m²,2+1,0 (Yeni),2.Kat,5.0,Kombi Doğalgaz,Boş,Krediye Uygun,Bilinmiyor,Hayır,Boş,Yok,1,
8.700.000 TL,İnönü Mahallesi,27 Kasım 2025,Bina,224 m²,225 m²,1 Oda,21 Ve Üzeri,,2.0,Kombi Doğalgaz,Boş,Krediye Uygun Değil,Müstakil Tapulu,Hayır,,Var,Yok,
4.200.000 TL,Kemalpaşa Mahallesi,05 Ekim 2025,Daire,50 m²,55 m²,1+1,0 (Yeni),3.Kat,4.0,Kombi Doğalgaz,Boş,Krediye Uygun,Kat Mülkiyeti,Evet,,,1,
6.750.000 TL,Gazi Osman Paşa Mahallesi,30 Ekim 2025,Bina,400 m²,464 m²,9+ Oda,21 Ve Üzeri,,4.0,Klimalı,Kiracı Oturuyor,Krediye Uygun,Müstakil Tapulu,Hayır,,Var,3,
4.900.000 TL,Atatürk Mahallesi,07 Kasım 2025,Daire,58 m²,68 m²,2+1,0 (Yeni),2.Kat,3.0,Kombi Doğalgaz,Boş,Krediye Uygun,Kat Mülkiyeti,Hayır,,Var,6+,1.0
1.800.000 TL,Kızılay Mahallesi,06 Kasım 2025,Daire,28 m²,32 m²,Stüdyo,2,Yüksek Giriş,2.0,Isıtma Yok,Boş,Krediye Uygun,Kat İrtifakı,Hayır,Boş,Var,1,
33.000.000 TL,İnönü Mahallesi,27 Kasım 2025,Daire,115 m²,125 m²,3+1,16-20,5.Kat,5.0,Kombi Doğalgaz,Mülk Sahibi Oturuyor,Krediye Uygun,Kat İrtifakı,Hayır,,,1,
21.500.000 TL,İnönü Mahallesi,29 Kasım 2025,Daire,500 m²,550 m²,3+1,16-20,5.Kat,5.0,Kombi Doğalgaz,Mülk Sahibi Oturuyor,Krediye Uygun,Kat İrtifakı,Hayır,Boş,Yok,1,
7.500.000 TL,Doğanlar Mahallesi,28 Kasım 2025,Bina,359 m²,360 m²,1 Oda,21 Ve Üzeri,,3.0,Isıtma Yok,Boş,Krediye Uygun,Bilinmiyor,Hayır,,Yok,Yok,
8.000.000 TL,Meriç Mahallesi,14 Ekim 2025,Müstakil Ev,300 m²,350 m²,5+3,21 Ve Üzeri,,3.0,Kombi Doğalgaz,Boş,Krediye Uygun,Müstakil Tapulu,Hayır,Boş,Var,3,
12.000.000 TL,Ergene Mahallesi,30 Eylül 2025,Bina,68 m²,75 m²,2+1,21 Ve Üzeri,,3.0,Kombi Doğalgaz,Kiracı Oturuyor,Krediye Uygun,Kat İrtifakı,Hayır,Boş,Var,1,1.0
7.850.000 TL,Yakaköy Mahallesi,31 Ekim 2025,Müstakil Ev,60 m²,75 m²,2+1,21 Ve Üzeri,,1.0,Isıtma Yok,Kiracı Oturuyor,Krediye Uygun,Müstakil Tapulu,Hayır,Boş,Yok,1,
5.500.000 TL,Erzene Mahallesi,29 Kasım 2025,Daire,50 m²,55 m²,1+1,0 (Yeni),4.Kat,5.0,Kombi Doğalgaz,Boş,Krediye Uygun,Bilinmiyor,Hayır,Boş,,1,
6.850.000 TL,Doğanlar Mahallesi,06 Kasım 2025,Daire,110 m²,140 m²,4+1,21 Ve Üzeri,Bahçe Dublex,2.0,Kombi Doğalgaz,Mülk Sahibi Oturuyor,Krediye Uygun,Kat Mülkiyeti,Hayır,,,1,
10.500.000 TL,Yeşilova Mahallesi,27 Kasım 2025,Bina,90 m²,105 m²,2+1,21 Ve Üzeri,,4.0,Kombi Doğalgaz,Kiracı Oturuyor,Krediye Uygun,Hisseli Tapu,Hayır,Boş,,1,1.0
3.500.000 TL,Yeşilova Mahallesi,09 Ekim 2025,Daire,110 m²,127 m²,3+1,21 Ve Üzeri,Bahçe Katı,2.0,Klimalı,Kiracı Oturuyor,Krediye Uygun,Tapu Kaydı Yok,Hayır,,,1,1.0
7.150.000 TL,Doğanlar Mahallesi,15 Kasım 2025,Daire,125 m²,130 m²,3+1,21 Ve Üzeri,4.Kat,4.0,Kombi Doğalgaz,Boş,Krediye Uygun,Kat Mülkiyeti,Hayır,Boş,Yok,1,1.0
6.000.000 TL,Kazımdirik Mahallesi,28 Kasım 2025,Daire,55 m²,65 m²,2+1,0 (Yeni),3.Kat,7.0,VRV,Kiracı Oturuyor,Krediye Uygun Değil,Kat İrtifakı,Evet,Boş,Yok,1,
3.500.000 TL,Yıldırım Beyazıt Mahallesi,26 Kasım 2025,Müstakil Ev,100 m²,105 m²,2+1,21 Ve Üzeri,,2.0,Doğalgaz Sobalı,Mülk Sahibi Oturuyor,Krediye Uygun,Müstakil Tapulu,Hayır,,,1,
12.000.000 TL,Doğanlar Mahallesi,28 Kasım 2025,Daire,330 m²,360 m²,3+1,2,2.Kat,3.0,Kombi Doğalgaz,Mülk Sahibi Oturuyor,Krediye Uygun,Müstakil Tapulu,Hayır,Boş,Yok,1,1.0
4.900.000 TL,Atatürk Mahallesi,07 Kasım 2025,Daire,65 m²,80 m²,2+1,0 (Yeni),2.Kat,3.0,Kombi Doğalgaz,Kiracı Oturuyor,Krediye Uygun,Kat Mülkiyeti,Hayır,,Var,1,1.0
10.000.000 TL,Mevlana Mahallesi,29 Kasım 2025,Daire,160 m²,400 m²,4+1,5-10,2.Kat,3.0,Kombi Doğalgaz,Boş,Krediye Uygun,Kat İrtifakı,Hayır,Boş,Var,2,2.0
3.400.000 TL,İnönü Mahallesi,25 Kasım 2025,Daire,107 m²,181 m²,3+1,21 Ve Üzeri,2.Kat,3.0,Klimalı,Kiracı Oturuyor,Bilinmiyor,Kat Mülkiyeti,Hayır,Eşyalı,Yok,1,1.0
3.750.000 TL,İnönü Mahallesi,06 Kasım 2025,Daire,110 m²,120 m²,2+1,16-20,3.Kat,4.0,Kombi Doğalgaz,Kiracı Oturuyor,Krediye Uygun,Kat Mülkiyeti,Hayır,,Var,1,1.0
2.600.000 TL,Yeşilova Mahallesi,24 Ekim 2025,Residence,28 m²,41 m²,Stüdyo,0 (Yeni),9.Kat,38.0,VRV,Boş,Krediye Uygun Değil,Kat İrtifakı,Hayır,,,1,
5.275.000 TL,Ergene Mahallesi,29 Kasım 2025,Daire,85 m²,90 m²,2+1,1,5.Kat,5.0,Kombi Doğalgaz,Boş,Krediye Uygun,Kooperatiften Tapu,Hayır,,,1,1.0
5.690.000 TL,Merkez Mahallesi,23 Kasım 2025,Müstakil Ev,100 m²,135 m²,2+1,16-20,,2.0,Kombi Doğalgaz,Mülk Sahibi Oturuyor,Bilinmiyor,Müstakil Tapulu,Hayır,Boş,,1,2.0
12.000.000 TL,Birlik Mahallesi,27 Kasım 2025,Bina,90 m²,109 m²,2+1,21 Ve Üzeri,,5.0,Kombi Doğalgaz,Mülk Sahibi Oturuyor,Bilinmiyor,Arsa Tapulu,Hayır,Boş,Var,1,2.0
4.850.000 TL,Kızılay Mahallesi,27 Ekim 2025,Daire,120 m²,150 m²,3+1,0 (Yeni),Çatı Katı,3.0,Kombi Doğalgaz,Boş,Krediye Uygun,Kat Mülkiyeti,Hayır,Boş,Yok,2,
65.000.000 TL,Kazımdirik Mahallesi,05 Kasım 2025,Müstakil Ev,450 m²,580 m²,5+1,0 (Yeni),,2.0,Kombi Doğalgaz,Boş,Krediye Uygun,Kat Mülkiyeti,Hayır,Boş,Yok,3,3.0
4.000.000 TL,Mevlana Mahallesi,29 Kasım 2025,Daire,80 m²,82 m²,2+1,0 (Yeni),1.Kat,3.0,Kombi Doğalgaz,Boş,Krediye Uygun,Kat İrtifakı,Hayır,Boş,Yok,1,1.0
6.000.000 TL,Ergene Mahallesi,28 Kasım 2025,Daire,72 m²,82 m²,2+1,3,3.Kat,5.0,Kombi Doğalgaz,Kiracı Oturuyor,Krediye Uygun,Kat Mülkiyeti,Hayır,Boş,Yok,1,
14.499.999 TL,Atatürk Mahallesi,05 Kasım 2025,Müstakil Ev,150 m²,180 m²,4+1,0 (Yeni),,2.0,Kombi Doğalgaz,Boş,Krediye Uygun,Kat Mülkiyeti,Hayır,,Var,2,
2.260.000 TL,Işıklar Mahallesi,10 Ekim 2025,Daire,110 m²,120 m²,2+1,11-15,2.Kat,2.0,Kombi Doğalgaz,Mülk Sahibi Oturuyor,Krediye Uygun,Kat Mülkiyeti,Hayır,,,1,2.0
6.800.000 TL,Yeşilova Mahallesi,12 Eylül 2025,Daire,97 m²,125 m²,2+1,4,12.Kat,14.0,Merkezi (Pay Ölçer),Kiracı Oturuyor,Krediye Uygun Değil,Kat Mülkiyeti,Hayır,Boş,Yok,2,
2.700.000 TL,Yeşilova Mahallesi,28 Kasım 2025,Daire,90 m²,112 m²,2+1,21 Ve Üzeri,Yüksek Giriş,4.0,Kombi Doğalgaz,Boş,Krediye Uygun,Kat Mülkiyeti,Hayır,Boş,Var,1,
3.850.000 TL,Kızılay Mahallesi,30 Eylül 2025,Daire,79 m²,80 m²,2+1,0 (Yeni),Bahçe Katı,4.0,Kombi Doğalgaz,Boş,Krediye Uygun Değil,Kat Mülkiyeti,Hayır,Boş,Var,1,
5.000.000 TL,Yakaköy Mahallesi,31 Ekim 2025,Müstakil Ev,90 m²,500 m²,2+1,2,,1.0,Sobalı,Boş,Krediye Uygun Değil,Hisseli Tapu,Hayır,Eşyalı,Var,1,
111.000.000 TL,Kazımdirik Mahallesi,03 Ekim 2025,Villa,500 m²,650 m²,5+2,4,,4.0,Yerden Isıtma,Mülk Sahibi Oturuyor,Krediye Uygun,Kat Mülkiyeti,Hayır,Boş,Yok,5,
5.750.000 TL,Barbaros Mahallesi,14 Ekim 2025,Müstakil Ev,100 m²,125 m²,4+3,21 Ve Üzeri,,2.0,Klimalı,Kiracı Oturuyor,Krediye Uygun,Müstakil Tapulu,Hayır,Boş,Yok,2,
7.580.000 TL,Atatürk Mahallesi,05 Kasım 2025,Daire,128 m²,138 m²,3+1,0 (Yeni),2.Kat,3.0,Kombi Doğalgaz,Boş,Krediye Uygun,Kat Mülkiyeti,Hayır,,Var,2,
8.990.000 TL,Erzene Mahallesi,20 Kasım 2025,Bina,390 m²,400 m²,2+1,21 Ve Üzeri,,2.0,Doğalgaz Sobalı,Mülk Sahibi Oturuyor,Krediye Uygun,Hisseli Tapu,Hayır,Boş,Yok,1,2.0
3.125.000 TL,Barbaros Mahallesi,28 Eylül 2025,Daire,28 m²,34 m²,Stüdyo,3,5.Kat,30.0,Merkezi (Pay Ölçer),Boş,Krediye Uygun,Kat Mülkiyeti,Evet,Boş,Yok,1,
7.550.000 TL,Atatürk Mahallesi,05 Kasım 2025,Daire,128 m²,138 m²,3+1,0 (Yeni),2.Kat,3.0,Kombi Doğalgaz,Boş,Krediye Uygun,Kat Mülkiyeti,Hayır,Boş,Var,2,2.0
3.000.000 TL,Zafer Mahallesi,26 Kasım 2025,Müstakil Ev,85 m²,100 m²,2+1,1,,1.0,Sobalı,Boş,Krediye Uygun,Arsa Tapulu,Hayır,,,2,
10.250.000 TL,İnönü Mahallesi,03 Ekim 2025,Müstakil Ev,180 m²,235 m²,3+1,11-15,,2.0,Kombi Doğalgaz,Boş,Krediye Uygun,Müstakil Tapulu,Hayır,Boş,Yok,2,
4.000.000 TL,Meriç Mahallesi,14 Ekim 2025,Müstakil Ev,90 m²,128 m²,2+1,21 Ve Üzeri,,1.0,Isıtma Yok,Boş,Krediye Uygun,Müstakil Tapulu,Hayır,Boş,Var,1,
3.500.000 TL,Yıldırım Beyazıt Mahallesi,28 Ekim 2025,Daire,130 m²,135 m²,2+1,16-20,Kot 3 (-3).Kat,4.0,Klimalı,Mülk Sahibi Oturuyor,Krediye Uygun,Kat Mülkiyeti,Hayır,,,1,
16.900.000 TL,Atatürk Mahallesi,29 Kasım 2025,Daire,138 m²,170 m²,4+1,0 (Yeni),Villa Tipi,3.0,Kombi Doğalgaz,Boş,Krediye Uygun,Kat İrtifakı,Hayır,Boş,Var,2,3.0
3.850.000 TL,İnönü Mahallesi,29 Kasım 2025,Daire,77 m²,85 m²,2+1,0 (Yeni),Bahçe Katı,2.0,Kombi Doğalgaz,Boş,Krediye Uygun,Kat İrtifakı,Hayır,Boş,Yok,1,1.0
4.750.000 TL,İnönü Mahallesi,06 Kasım 2025,Daire,88 m²,110 m²,2+1,16-20,Bahçe Katı,1.0,Isıtma Yok,Boş,Krediye Uygun,Kat Mülkiyeti,Hayır,,Var,1,1.0
3.500.000 TL,Kazımdirik Mahallesi,13 Kasım 2025,Daire,75 m²,80 m²,2+1,5-10,4.Kat,4.0,Kombi Doğalgaz,Kiracı Oturuyor,Krediye Uygun,Kat Mülkiyeti,Hayır,Boş,Var,1,1.0
11.000.000 TL,Karacaoğlan Mahallesi,30 Ekim 2025,Daire,130 m²,165 m²,3+1,5-10,2.Kat,8.0,Kombi Doğalgaz,Mülk Sahibi Oturuyor,Krediye Uygun,Bilinmiyor,Evet,Boş,Yok,2,
12.500.000 TL,Mevlana Mahallesi,16 Eylül 2025,Bina,180 m²,181 m²,1 Oda,21 Ve Üzeri,,5.0,Isıtma Yok,Boş,Krediye Uygun Değil,Arsa Tapulu,Hayır,,Yok,Yok,
11.500.000 TL,Erzene Mahallesi,29 Kasım 2025,Daire,130 m²,135 m²,3+1,0 (Yeni),4.Kat,5.0,Kombi Doğalgaz,Boş,Krediye Uygun,Kat İrtifakı,Hayır,Boş,Yok,2,
4.400.000 TL,Kızılay Mahallesi,28 Ekim 2025,Daire,110 m²,120 m²,3+1,5-10,2.Kat,5.0,Kombi Doğalgaz,Mülk Sahibi Oturuyor,Krediye Uygun,Kat İrtifakı,Hayır,Boş,Yok,1,
4.500.000 TL,Doğanlar Mahallesi,29 Kasım 2025,Daire,80 m²,88 m²,2+1,0 (Yeni),3.Kat,4.0,Kombi Doğalgaz,Boş,Krediye Uygun,Kat İrtifakı,Hayır,Boş,Yok,1,
5.350.000 TL,Kazımdirik Mahallesi,27 Ekim 2025,Daire,44 m²,55 m²,1+1,5-10,7.Kat,7.0,Merkezi (Pay Ölçer),Boş,Krediye Uygun,Kat Mülkiyeti,Evet,Boş,Var,1,
17.000.000 TL,Koşukavak Mahallesi,27 Kasım 2025,Bina,90 m²,93 m²,2+1,21 Ve Üzeri,,5.0,Klimalı,Kiracı Oturuyor,Krediye Uygun,Kat Mülkiyeti,Hayır,Boş,,1,1.0
3.790.000 TL,Gürpınar Mahallesi,28 Kasım 2025,Daire,80 m²,90 m²,2+1,0 (Yeni),Düz Giriş (Zemin),3.0,Kombi Doğalgaz,Boş,Krediye Uygun,Kat Mülkiyeti,Hayır,,,1,
3.300.000 TL,Yeşilova Mahallesi,31 Ekim 2025,Residence,40 m²,58 m²,1+1,0 (Yeni),20.Kat,30.0,VRV,Boş,Krediye Uygun Değil,Kat İrtifakı,Hayır,Boş,Var,1,
