URL,Fiyat,Baslik,İl,İlçe,Mahalle,İlan Numarası,İlan Güncelleme Tarihi,Türü,Kategorisi,Tipi,Net Metrekare,Brüt Metrekare,Oda Sayısı,Binanın Yaşı,Bulunduğu Kat,Binanın Kat Sayısı,Isıtma Tipi,Kullanım Durumu,Krediye Uygunluk,Yatırıma Uygunluk,Tapu Durumu,Site İçerisinde,Eşya Durumu,Takas,Banyo Sayısı,Fiyat Durumu,Aciklama,İlan Oluşturma Tarihi,Yapı Durumu,Yapı Tipi,Aidat,Kira Getirisi,Salon Metrekare,WC Sayısı,Balkon Durumu,Balkon Sayısı,Balkon Tipi,Görüntülü Gezilebilir mi?,İpotek Durumu,Banyo Metrekare,Balkon Metrekare,WC Metrekare,Parsel,Zemin Etüdü,Kattaki Daire Sayısı,Ada
https://www.emlakjet.com/ilan/izmir-bornova-yesilova-da-satilik-krediye-uygun-31-16961573,10.500.000 TL,,İzmir,Bornova,Yeşilova Mahallesi,16961573,02 Ekim 2025,Konut,Satılık,Daire,148 m²,178 m²,3+1,11-15,1.Kat,10,Kombi Doğalgaz,Mülk Sahibi Oturuyor,Krediye Uygun,Bilinmiyor,Kat İrtifakı,Evet,Boş,Yok,2,Genel Fiyat,İlan Numarası16961573İlan Güncelleme Tarihi02 Ekim 2025TürüKonutKategorisiSatılıkTipiDaireNet Metrekare148 m²Brüt Metrekare178 m²Oda Sayısı3+1Binanın Yaşı11-15Bulunduğu Kat1.KatBinanın Kat Sayısı10Isıtma TipiKombi DoğalgazKullanım DurumuMülk Sahibi OturuyorKrediye UygunlukKrediye UygunYatırıma UygunlukBilinmiyorTapu DurumuKat İrtifakıSite İçerisindeEvetEşya DurumuBoşTakasYokBanyo Sayısı2Fiyat DurumuGenel FiyatDaha Fazla Gör,,,,,,,,,,,,,,,,,,,
https://www.emlakjet.com/ilan/bornova-merkez-de-satilik-41-daire-8895925,6.750.000 TL,,İzmir,Bornova,Erzene Mahallesi,8895925,29 Kasım 2025,Konut,Satılık,Daire,180 m²,190 m²,4+1,21 Ve Üzeri,6.Kat,6,Kombi Doğalgaz,Kiracı Oturuyor,Krediye Uygun,Yatırıma Uygun,Kat Mülkiyeti,Evet,Boş,Yok,1,Genel Fiyat,İlan Numarası8895925İlan Oluşturma Tarihi07 Kasım 2020İlan Güncelleme Tarihi29 Kasım 2025TürüKonutKategorisiSatılıkTipiDaireNet Metrekare180 m²Brüt Metrekare190 m²Oda Sayısı4+1Binanın Yaşı21 Ve ÜzeriBulunduğu Kat6.KatBinanın Kat Sayısı6Isıtma TipiKombi DoğalgazKullanım DurumuKiracı OturuyorKrediye UygunlukKrediye UygunYatırıma UygunlukYatırıma UygunYapı Durumuİkinci ElYapı TipiBetonarmeTapu DurumuKat MülkiyetiSite İçerisindeEvetEşya DurumuBoşAidat50 TLKira Getirisi24000 TLTakasYokBanyo Sayısı1Salon Metrekare50 m²WC Sayısı2Fiyat DurumuGenel FiyatDaha Fazla Gör,07 Kasım 2020,İkinci El,Betonarme,50 TL,24000 TL,50 m²,2.0,,,,,,,,,,,,
https://www.emlakjet.com/ilan/bornova-yakakoyde-satilik-mustakil-ev-17437005,5.500.000 TL,,İzmir,Bornova,Yakaköy Mahallesi,17437005,24 Eylül 2025,Konut,Satılık,Müstakil Ev,150 m²,340 m²,4+1,2,,2,Sobalı,Mülk Sahibi Oturuyor,Krediye Uygun Değil,Yatırıma Uygun,Hisseli Tapu,Hayır,Boş,Yok,2,Genel Fiyat,İlan Numarası17437005İlan Güncelleme Tarihi24 Eylül 2025TürüKonutKategorisiSatılıkTipiMüstakil EvNet Metrekare150 m²Brüt Metrekare340 m²Oda Sayısı4+1Binanın Yaşı2Binanın Kat Sayısı2Isıtma TipiSobalıKullanım DurumuMülk Sahibi OturuyorKrediye UygunlukKrediye Uygun DeğilYatırıma UygunlukYatırıma UygunYapı Durumuİkinci ElYapı TipiBetonarmeTapu DurumuHisseli TapuEşya DurumuBoşSite İçerisindeHayırTakasYokBanyo Sayısı2Balkon DurumuVarBalkon Sayısı2Balkon TipiAçık BalkonWC Sayısı2Fiyat DurumuGenel FiyatGörüntülü Gezilebilir mi?HayırDaha Fazla Gör,,İkinci El,Betonarme,,,,2.0,Var,2.0,Açık Balkon,Hayır,,,,,,,,
https://www.emlakjet.com/ilan/kw-cobans-tan-kosukavak-ta-genis-ve-konforlu-yeni-full-tadilatli-daire-17310656,3.650.000 TL,,İzmir,Bornova,Koşukavak Mahallesi,17310656,27 Kasım 2025,Konut,Satılık,Daire,90 m²,135 m²,2+1,5-10,Çatı Katı,3,Doğalgaz Sobalı,Mülk Sahibi Oturuyor,Krediye Uygun,Yatırıma Uygun,Kat Mülkiyeti,Hayır,Boş,Yok,1,Genel Fiyat,"İlan Numarası17310656İlan Oluşturma Tarihi09 Mayıs 2025İlan Güncelleme Tarihi27 Kasım 2025TürüKonutKategorisiSatılıkTipiDaireNet Metrekare90 m²Brüt Metrekare135 m²Oda Sayısı2+1Binanın Yaşı5-10Bulunduğu KatÇatı KatıBinanın Kat Sayısı3Isıtma TipiDoğalgaz SobalıKullanım DurumuMülk Sahibi OturuyorKrediye UygunlukKrediye UygunYatırıma UygunlukYatırıma UygunYapı Durumuİkinci ElYapı TipiBetonarmeTapu DurumuKat MülkiyetiSite İçerisindeHayırİpotek DurumuYokEşya DurumuBoşAidat0 TLKira Getirisi30000 TLTakasYokBanyo Sayısı1Banyo Metrekare10 m²Balkon DurumuVarBalkon Sayısı2Balkon TipiAçık Balkon, Fransız BalkonBalkon Metrekare45 m²Salon Metrekare25 m²WC Sayısı1WC Metrekare4 m²Parsel5420Fiyat DurumuGenel FiyatGörüntülü Gezilebilir mi?EvetZemin EtüdüVarDaha Fazla Gör",09 Mayıs 2025,İkinci El,Betonarme,0 TL,30000 TL,25 m²,1.0,Var,2.0,"Açık Balkon, Fransız Balkon",Evet,Yok,10 m²,45 m²,4 m²,5420.0,Var,,
https://www.emlakjet.com/ilan/bornova-kizilayda-satilik-124m2-31-kapali-mutfakli-otoparkli-ara-kat-daire-15939326,4.850.000 TL,,İzmir,Bornova,Kızılay Mahallesi,15939326,20 Ekim 2025,Konut,Satılık,Daire,124 m²,130 m²,3+1,11-15,2.Kat,3,Kombi Doğalgaz,Boş,Krediye Uygun,Yatırıma Uygun,Kat Mülkiyeti,Hayır,Boş,Yok,1,Genel Fiyat,İlan Numarası15939326İlan Güncelleme Tarihi20 Ekim 2025TürüKonutKategorisiSatılıkTipiDaireNet Metrekare124 m²Brüt Metrekare130 m²Oda Sayısı3+1Binanın Yaşı11-15Bulunduğu Kat2.KatBinanın Kat Sayısı3Isıtma TipiKombi DoğalgazKullanım DurumuBoşKrediye UygunlukKrediye UygunYatırıma UygunlukYatırıma UygunYapı Durumuİkinci ElYapı TipiBetonarmeTapu DurumuKat Mülkiyetiİpotek DurumuYokSite İçerisindeHayırEşya DurumuBoşTakasYokBanyo Sayısı1Balkon DurumuVarBalkon Sayısı2Fiyat DurumuGenel FiyatGörüntülü Gezilebilir mi?HayırZemin EtüdüVarDaha Fazla Gör,,İkinci El,Betonarme,,,,,Var,2.0,,Hayır,Yok,,,,,Var,,
https://www.emlakjet.com/ilan/nest-camdibinde-31-satilik-genis-daire-tip12-17060996,8.000.000 TL,,İzmir,Bornova,Tuna Mahallesi,17060996,31 Ekim 2025,Konut,Satılık,Daire,135 m²,162 m²,3+1,5-10,5.Kat,14,Merkezi (Pay Ölçer),Kiracı Oturuyor,Krediye Uygun,Bilinmiyor,Kat İrtifakı,Evet,Boş,Yok,2,Genel Fiyat,İlan Numarası17060996İlan Güncelleme Tarihi31 Ekim 2025TürüKonutKategorisiSatılıkTipiDaireNet Metrekare135 m²Brüt Metrekare162 m²Oda Sayısı3+1Binanın Yaşı5-10Bulunduğu Kat5.KatBinanın Kat Sayısı14Isıtma TipiMerkezi (Pay Ölçer)Kullanım DurumuKiracı OturuyorKrediye UygunlukKrediye UygunYatırıma UygunlukBilinmiyorTapu DurumuKat İrtifakıSite İçerisindeEvetEşya DurumuBoşTakasYokBanyo Sayısı2Fiyat DurumuGenel FiyatDaha Fazla Gör,,,,,,,,,,,,,,,,,,,
https://www.emlakjet.com/ilan/bornova-kizilayda-satilik-120m2-31-kapali-mutfakli-otoparkli-yeni-tadilatli-ara-kat-daire-15987132,4.850.000 TL,,İzmir,Bornova,Kızılay Mahallesi,15987132,23 Ekim 2025,Konut,Satılık,Daire,120 m²,125 m²,3+1,11-15,2.Kat,3,Kombi Doğalgaz,Boş,Krediye Uygun,,Kat Mülkiyeti,Hayır,Boş,,1,Genel Fiyat,İlan Numarası15987132İlan Güncelleme Tarihi23 Ekim 2025TürüKonutKategorisiSatılıkTipiDaireNet Metrekare120 m²Brüt Metrekare125 m²Oda Sayısı3+1Binanın Yaşı11-15Bulunduğu Kat2.KatBinanın Kat Sayısı3Isıtma TipiKombi DoğalgazKullanım DurumuBoşKrediye UygunlukKrediye UygunYapı Durumuİkinci ElYapı TipiBetonarmeTapu DurumuKat Mülkiyetiİpotek DurumuYokSite İçerisindeHayırEşya DurumuBoşAidat0 TLKira Getirisi20000 TLBanyo Sayısı1Balkon DurumuVarBalkon Sayısı1WC Sayısı2Fiyat DurumuGenel FiyatZemin EtüdüVarDaha Fazla Gör,,İkinci El,Betonarme,0 TL,20000 TL,,2.0,Var,1.0,,,Yok,,,,,Var,,
https://www.emlakjet.com/ilan/ege-unuvertesine-yurume-mesafesinde-mustakil-tadinda-31-15787961,6.700.000 TL,,İzmir,Bornova,Mevlana Mahallesi,15787961,06 Kasım 2025,Konut,Satılık,Daire,150 m²,160 m²,3+1,5-10,Yüksek Giriş,3,Kombi Doğalgaz,Mülk Sahibi Oturuyor,Krediye Uygun,Bilinmiyor,Tapu Kaydı Yok,Hayır,Boş,Yok,2,Genel Fiyat,İlan Numarası15787961İlan Güncelleme Tarihi06 Kasım 2025TürüKonutKategorisiSatılıkTipiDaireNet Metrekare150 m²Brüt Metrekare160 m²Oda Sayısı3+1Binanın Yaşı5-10Bulunduğu KatYüksek GirişBinanın Kat Sayısı3Isıtma TipiKombi DoğalgazKullanım DurumuMülk Sahibi OturuyorKrediye UygunlukKrediye UygunYatırıma UygunlukBilinmiyorTapu DurumuTapu Kaydı YokSite İçerisindeHayırEşya DurumuBoşTakasYokBanyo Sayısı2Fiyat DurumuGenel FiyatDaha Fazla Gör,,,,,,,,,,,,,,,,,,,
https://www.emlakjet.com/ilan/bornova-pinarbasi-kemalpasa-mah-de-satilik-31-daire-16936764,3.100.000 TL,,İzmir,Bornova,Kemalpaşa Mahallesi,16936764,10 Eylül 2025,Konut,Satılık,Daire,100 m²,110 m²,3+1,21 Ve Üzeri,Yüksek Giriş,2,Klimalı,Kiracı Oturuyor,Krediye Uygun,,Kat Mülkiyeti,Hayır,,Yok,1,Genel Fiyat,İlan Numarası16936764İlan Güncelleme Tarihi10 Eylül 2025TürüKonutKategorisiSatılıkTipiDaireNet Metrekare100 m²Brüt Metrekare110 m²Oda Sayısı3+1Binanın Yaşı21 Ve ÜzeriBulunduğu KatYüksek GirişBinanın Kat Sayısı2Isıtma TipiKlimalıKullanım DurumuKiracı OturuyorKrediye UygunlukKrediye UygunYapı Durumuİkinci ElYapı TipiBetonarmeTapu DurumuKat MülkiyetiSite İçerisindeHayırTakasYokBanyo Sayısı1Fiyat DurumuGenel FiyatDaha Fazla Gör,,İkinci El,Betonarme,,,,,,,,,,,,,,,,
https://www.emlakjet.com/ilan/bornova-pinarbasi-nda-31-arakat-satilik-daire-16881774,4.100.000 TL,,İzmir,Bornova,Kemalpaşa Mahallesi,16881774,29 Eylül 2025,Konut,Satılık,Daire,110 m²,126 m²,3+1,16-20,1.Kat,4,Kombi Doğalgaz,Kiracı Oturuyor,Krediye Uygun,Bilinmiyor,Kat Mülkiyeti,Hayır,Boş,Yok,1,Genel Fiyat,İlan Numarası16881774İlan Güncelleme Tarihi29 Eylül 2025TürüKonutKategorisiSatılıkTipiDaireNet Metrekare110 m²Brüt Metrekare126 m²Oda Sayısı3+1Binanın Yaşı16-20Bulunduğu Kat1.KatBinanın Kat Sayısı4Isıtma TipiKombi DoğalgazKullanım DurumuKiracı OturuyorKrediye UygunlukKrediye UygunYatırıma UygunlukBilinmiyorTapu DurumuKat MülkiyetiSite İçerisindeHayırEşya DurumuBoşTakasYokBanyo Sayısı1Fiyat DurumuGenel FiyatDaha Fazla Gör,,,,,,,,,,,,,,,,,,,
https://www.emlakjet.com/ilan/erzene-mahallesi-nde-satilik-31-genis-ferah-daire-15920860,9.300.000 TL,,İzmir,Bornova,Erzene Mahallesi,15920860,29 Kasım 2025,Konut,Satılık,Daire,135 m²,147 m²,3+1,5-10,5.Kat,5,Kombi Doğalgaz,Kiracı Oturuyor,Krediye Uygun,Yatırıma Uygun,Kat Mülkiyeti,Evet,Boş,Var,1,Genel Fiyat,İlan Numarası15920860İlan Oluşturma Tarihi18 Eylül 2024İlan Güncelleme Tarihi29 Kasım 2025TürüKonutKategorisiSatılıkTipiDaireNet Metrekare135 m²Brüt Metrekare147 m²Oda Sayısı3+1Binanın Yaşı5-10Bulunduğu Kat5.KatBinanın Kat Sayısı5Isıtma TipiKombi DoğalgazKullanım DurumuKiracı OturuyorKrediye UygunlukKrediye UygunYatırıma UygunlukYatırıma UygunYapı Durumuİkinci ElYapı TipiBetonarmeTapu DurumuKat MülkiyetiSite İçerisindeEvetİpotek DurumuYokEşya DurumuBoşKira Getirisi60000 TLTakasVarBanyo Sayısı1Banyo Metrekare6 m²Balkon DurumuVarBalkon Sayısı2Balkon TipiAçık BalkonBalkon Metrekare8 m²Salon Metrekare34 m²WC Sayısı2WC Metrekare5 m²Fiyat DurumuGenel FiyatGörüntülü Gezilebilir mi?HayırDaha Fazla Gör,18 Eylül 2024,İkinci El,Betonarme,,60000 TL,34 m²,2.0,Var,2.0,Açık Balkon,Hayır,Yok,6 m²,8 m²,5 m²,,,,
https://www.emlakjet.com/ilan/bornova-ataturk-te-21-satilik-daire-17426203,4.500.000 TL,,İzmir,Bornova,Atatürk Mahallesi,17426203,29 Kasım 2025,Konut,Satılık,Daire,100 m²,110 m²,2+1,21 Ve Üzeri,1.Kat,4,Kombi Doğalgaz,Mülk Sahibi Oturuyor,Krediye Uygun,Yatırıma Uygun,Kat İrtifakı,Hayır,Boş,Var,1,Genel Fiyat,İlan Numarası17426203İlan Oluşturma Tarihi30 Mayıs 2025İlan Güncelleme Tarihi29 Kasım 2025TürüKonutKategorisiSatılıkTipiDaireNet Metrekare100 m²Brüt Metrekare110 m²Oda Sayısı2+1Binanın Yaşı21 Ve ÜzeriBulunduğu Kat1.KatBinanın Kat Sayısı4Isıtma TipiKombi DoğalgazKullanım DurumuMülk Sahibi OturuyorKrediye UygunlukKrediye UygunYatırıma UygunlukYatırıma UygunYapı Durumuİkinci ElYapı TipiBetonarmeTapu DurumuKat İrtifakıSite İçerisindeHayırİpotek DurumuYokEşya DurumuBoşKira Getirisi22000 TLTakasVarBanyo Sayısı1Banyo Metrekare5 m²Balkon DurumuVarBalkon Sayısı1Balkon TipiAçık BalkonBalkon Metrekare12 m²Salon Metrekare25 m²WC Sayısı2WC Metrekare4 m²Fiyat DurumuGenel FiyatGörüntülü Gezilebilir mi?EvetZemin EtüdüVarDaha Fazla Gör,30 Mayıs 2025,İkinci El,Betonarme,,22000 TL,25 m²,2.0,Var,1.0,Açık Balkon,Evet,Yok,5 m²,12 m²,4 m²,,Var,,
https://www.emlakjet.com/ilan/bornova-evka-3-mahallesinde-42-terasli-dubleks-satilik-daire-17366585,20.900.000 TL,,İzmir,Bornova,Evka 3 Mahallesi,17366585,15 Eylül 2025,Konut,Satılık,Daire,240 m²,300 m²,4+2,16-20,9.Kat,9,Doğalgaz Sobalı,Boş,Krediye Uygun,Bilinmiyor,Kat Mülkiyeti,Hayır,,Var,2,Genel Fiyat,İlan Numarası17366585İlan Güncelleme Tarihi15 Eylül 2025TürüKonutKategorisiSatılıkTipiDaireNet Metrekare240 m²Brüt Metrekare300 m²Oda Sayısı4+2Binanın Yaşı16-20Bulunduğu Kat9.KatBinanın Kat Sayısı9Isıtma TipiDoğalgaz SobalıKullanım DurumuBoşKrediye UygunlukKrediye UygunYatırıma UygunlukBilinmiyorYapı Durumuİkinci ElYapı TipiBetonarmeTapu DurumuKat MülkiyetiSite İçerisindeHayırTakasVarBanyo Sayısı2Fiyat DurumuGenel FiyatDaha Fazla Gör,,İkinci El,Betonarme,,,,,,,,,,,,,,,,
https://www.emlakjet.com/ilan/bornova-doganlar-da-21-satilik-luks-daire-17344212,4.250.000 TL,,İzmir,Bornova,Doğanlar Mahallesi,17344212,29 Kasım 2025,Konut,Satılık,Daire,77 m²,80 m²,2+1,0 (Yeni),3.Kat,4,Kombi Doğalgaz,Boş,Krediye Uygun,Yatırıma Uygun,Kat İrtifakı,Evet,Boş,Yok,1,Genel Fiyat,İlan Numarası17344212İlan Oluşturma Tarihi15 Mayıs 2025İlan Güncelleme Tarihi29 Kasım 2025TürüKonutKategorisiSatılıkTipiDaireNet Metrekare77 m²Brüt Metrekare80 m²Oda Sayısı2+1Binanın Yaşı0 (Yeni)Bulunduğu Kat3.KatBinanın Kat Sayısı4Isıtma TipiKombi DoğalgazKullanım DurumuBoşKrediye UygunlukKrediye UygunYatırıma UygunlukYatırıma UygunYapı DurumuSıfırYapı TipiBetonarmeTapu DurumuKat İrtifakıSite İçerisindeEvetİpotek DurumuYokEşya DurumuBoşKira Getirisi25000 TLTakasYokBanyo Sayısı1Banyo Metrekare4 m²Balkon DurumuVarBalkon Sayısı1Balkon TipiAçık BalkonBalkon Metrekare8 m²Salon Metrekare24 m²WC Sayısı1WC Metrekare1 m²Fiyat DurumuGenel FiyatGörüntülü Gezilebilir mi?EvetZemin EtüdüVarDaha Fazla Gör,15 Mayıs 2025,Sıfır,Betonarme,,25000 TL,24 m²,1.0,Var,1.0,Açık Balkon,Evet,Yok,4 m²,8 m²,1 m²,,Var,,
https://www.emlakjet.com/ilan/izmir-bornova-cicekli-koy-firsat-daire-21-17280017,4.650.000 TL,,İzmir,Bornova,Yakaköy Mahallesi,17280017,25 Ekim 2025,Konut,Satılık,Müstakil Ev,60 m²,500 m²,2+1,1,,1,Sobalı,Boş,Krediye Uygun,Bilinmiyor,Hisseli Tapu,Hayır,Eşyalı,Var,1,Genel Fiyat,İlan Numarası17280017İlan Güncelleme Tarihi25 Ekim 2025TürüKonutKategorisiSatılıkTipiMüstakil EvNet Metrekare60 m²Brüt Metrekare500 m²Oda Sayısı2+1Binanın Yaşı1Binanın Kat Sayısı1Isıtma TipiSobalıKullanım DurumuBoşKrediye UygunlukKrediye UygunYatırıma UygunlukBilinmiyorTapu DurumuHisseli TapuEşya DurumuEşyalıSite İçerisindeHayırTakasVarBanyo Sayısı1Fiyat DurumuGenel FiyatDaha Fazla Gör,,,,,,,,,,,,,,,,,,,
https://www.emlakjet.com/ilan/bornova-evka-3-te-neva-suits-de-satilik-11-daire-15189406,4.200.000 TL,,İzmir,Bornova,Evka 3 Mahallesi,15189406,03 Ekim 2025,Konut,Satılık,Daire,38 m²,42 m²,1+1,0 (Yeni),4.Kat,5,Yerden Isıtma,Boş,Krediye Uygun Değil,Bilinmiyor,Kat İrtifakı,Hayır,Boş,Var,1,Genel Fiyat,İlan Numarası15189406İlan Güncelleme Tarihi03 Ekim 2025TürüKonutKategorisiSatılıkTipiDaireNet Metrekare38 m²Brüt Metrekare42 m²Oda Sayısı1+1Binanın Yaşı0 (Yeni)Bulunduğu Kat4.KatBinanın Kat Sayısı5Isıtma TipiYerden IsıtmaKullanım DurumuBoşKrediye UygunlukKrediye Uygun DeğilYatırıma UygunlukBilinmiyorTapu DurumuKat İrtifakıSite İçerisindeHayırEşya DurumuBoşTakasVarBanyo Sayısı1Fiyat DurumuGenel FiyatDaha Fazla Gör,,,,,,,,,,,,,,,,,,,
https://www.emlakjet.com/ilan/bornova-yaka-koyde-satilik-dubleks-tas-villa-16582834,5.500.000 TL,,İzmir,Bornova,Yakaköy Mahallesi,16582834,25 Kasım 2025,Konut,Satılık,Villa,200 m²,250 m²,3+1,1,,2,Kombi Doğalgaz,Mülk Sahibi Oturuyor,Krediye Uygun Değil,Bilinmiyor,Hisseli Tapu,Hayır,Boş,Var,1,Genel Fiyat,İlan Numarası16582834İlan Oluşturma Tarihi01 Ocak 2025İlan Güncelleme Tarihi25 Kasım 2025TürüKonutKategorisiSatılıkTipiVillaNet Metrekare200 m²Brüt Metrekare250 m²Oda Sayısı3+1Binanın Yaşı1Binanın Kat Sayısı2Isıtma TipiKombi DoğalgazKullanım DurumuMülk Sahibi OturuyorKrediye UygunlukKrediye Uygun DeğilYatırıma UygunlukBilinmiyorTapu DurumuHisseli TapuSite İçerisindeHayırEşya DurumuBoşTakasVarBanyo Sayısı1Fiyat DurumuGenel FiyatDaha Fazla Gör,01 Ocak 2025,,,,,,,,,,,,,,,,,,
https://www.emlakjet.com/ilan/bornova-viven-tower-da-11-satilik-daire-16781945,3.250.000 TL,,İzmir,Bornova,Yeşilova Mahallesi,16781945,27 Kasım 2025,Konut,Satılık,Daire,38 m²,60 m²,1+1,0 (Yeni),15.Kat,38,VRV,Boş,Krediye Uygun Değil,,Kat İrtifakı,Hayır,,,1,Genel Fiyat,İlan Numarası16781945İlan Oluşturma Tarihi05 Şubat 2025İlan Güncelleme Tarihi27 Kasım 2025TürüKonutKategorisiSatılıkTipiDaireNet Metrekare38 m²Brüt Metrekare60 m²Oda Sayısı1+1Binanın Yaşı0 (Yeni)Bulunduğu Kat15.KatBinanın Kat Sayısı38Isıtma TipiVRVKullanım DurumuBoşKrediye UygunlukKrediye Uygun DeğilTapu DurumuKat İrtifakıSite İçerisindeHayırBanyo Sayısı1Fiyat DurumuGenel FiyatDaha Fazla Gör,05 Şubat 2025,,,,,,,,,,,,,,,,,,
https://www.emlakjet.com/ilan/kw-cobans-dan-merkezi-konumda-4-katli-3-5-daireli-1-dukkan-ve-depolu-yatirimlik-komple-bina-17238980,6.000.000 TL,,İzmir,Bornova,Birlik Mahallesi,17238980,27 Kasım 2025,Konut,Satılık,Bina,115 m²,116 m²,9+ Oda,21 Ve Üzeri,,4,Isıtma Yok,Mülk Sahibi Oturuyor,Krediye Uygun,,Müstakil Tapulu,Hayır,,,3,Genel Fiyat,İlan Numarası17238980İlan Oluşturma Tarihi28 Nisan 2025İlan Güncelleme Tarihi27 Kasım 2025TürüKonutKategorisiSatılıkTipiBinaNet Metrekare115 m²Brüt Metrekare116 m²Oda Sayısı9+ OdaBinanın Yaşı21 Ve ÜzeriBinanın Kat Sayısı4Isıtma TipiIsıtma YokKullanım DurumuMülk Sahibi OturuyorKrediye UygunlukKrediye UygunTapu DurumuMüstakil TapuluSite İçerisindeHayırAidat1 TLKira Getirisi40000 TLBanyo Sayısı3Fiyat DurumuGenel FiyatDaha Fazla Gör,28 Nisan 2025,,,1 TL,40000 TL,,,,,,,,,,,,,,
https://www.emlakjet.com/ilan/bornova-kucukpark-ta-ici-sifir-yapili-asansorlu-satilik-21-daire-17166515,4.600.000 TL,,İzmir,Bornova,Kazımdirik Mahallesi,17166515,01 Kasım 2025,Konut,Satılık,Daire,80 m²,90 m²,2+1,21 Ve Üzeri,3.Kat,7,Kombi Doğalgaz,Boş,Krediye Uygun,Yatırıma Uygun,Kat Mülkiyeti,Hayır,Boş,Yok,1,Genel Fiyat,İlan Numarası17166515İlan Güncelleme Tarihi01 Kasım 2025TürüKonutKategorisiSatılıkTipiDaireNet Metrekare80 m²Brüt Metrekare90 m²Oda Sayısı2+1Binanın Yaşı21 Ve ÜzeriBulunduğu Kat3.KatBinanın Kat Sayısı7Isıtma TipiKombi DoğalgazKullanım DurumuBoşKrediye UygunlukKrediye UygunYatırıma UygunlukYatırıma UygunYapı Durumuİkinci ElYapı TipiBetonarmeTapu DurumuKat Mülkiyetiİpotek DurumuYokSite İçerisindeHayırEşya DurumuBoşTakasYokBanyo Sayısı1Balkon DurumuVarBalkon Sayısı1Balkon TipiAçık BalkonFiyat DurumuGenel FiyatDaha Fazla Gör,,İkinci El,Betonarme,,,,,Var,1.0,Açık Balkon,,Yok,,,,,,,
https://www.emlakjet.com/ilan/camdibi-nde-tek-tapu-3-katli-bina-17141432,5.000.000 TL,,İzmir,Bornova,Tuna Mahallesi,17141432,10 Kasım 2025,Konut,Satılık,Bina,350 m²,360 m²,3+1,21 Ve Üzeri,,3,Klimalı,Kiracı Oturuyor,Bilinmiyor,,Müstakil Tapulu,Hayır,,,1,Genel Fiyat,İlan Numarası17141432İlan Güncelleme Tarihi10 Kasım 2025TürüKonutKategorisiSatılıkTipiBinaNet Metrekare350 m²Brüt Metrekare360 m²Oda Sayısı3+1Binanın Yaşı21 Ve ÜzeriBinanın Kat Sayısı3Isıtma TipiKlimalıKullanım DurumuKiracı OturuyorKrediye UygunlukBilinmiyorTapu DurumuMüstakil TapuluSite İçerisindeHayırBanyo Sayısı1Parsel1229Fiyat DurumuGenel FiyatDaha Fazla Gör,,,,,,,,,,,,,,,,1229.0,,,
https://www.emlakjet.com/ilan/bornova-kizilayda-satilik-124m2-31-kapali-mutfakli-otoparkli-ust-kat-daire-15929202,4.850.000 TL,,İzmir,Bornova,Kızılay Mahallesi,15929202,20 Ekim 2025,Konut,Satılık,Daire,124 m²,130 m²,3+1,11-15,Çatı Katı,3,Kombi Doğalgaz,Kiracı Oturuyor,Krediye Uygun,Yatırıma Uygun,Kat Mülkiyeti,Hayır,Boş,Yok,1,Genel Fiyat,İlan Numarası15929202İlan Güncelleme Tarihi20 Ekim 2025TürüKonutKategorisiSatılıkTipiDaireNet Metrekare124 m²Brüt Metrekare130 m²Oda Sayısı3+1Binanın Yaşı11-15Bulunduğu KatÇatı KatıBinanın Kat Sayısı3Isıtma TipiKombi DoğalgazKullanım DurumuKiracı OturuyorKrediye UygunlukKrediye UygunYatırıma UygunlukYatırıma UygunYapı Durumuİkinci ElYapı TipiBetonarmeTapu DurumuKat Mülkiyetiİpotek DurumuYokSite İçerisindeHayırEşya DurumuBoşTakasYokBanyo Sayısı1Balkon DurumuVarWC Sayısı2Fiyat DurumuGenel FiyatDaha Fazla Gör,,İkinci El,Betonarme,,,,2.0,Var,,,,Yok,,,,,,,
https://www.emlakjet.com/ilan/komple-satilik-121-m2-3-daire-sanayi-elektrikli-1-dukkan-tapulari-ayri-15772962,5.200.000 TL,,İzmir,Bornova,Serintepe Mahallesi,15772962,11 Ekim 2025,Konut,Satılık,Müstakil Ev,110 m²,121 m²,2+1,21 Ve Üzeri,,4,Kombi Doğalgaz,Kiracı Oturuyor,Krediye Uygun,Yatırıma Uygun Değil,Kat Mülkiyeti,Hayır,Eşyalı,Yok,1,Genel Fiyat,İlan Numarası15772962İlan Güncelleme Tarihi11 Ekim 2025TürüKonutKategorisiSatılıkTipiMüstakil EvNet Metrekare110 m²Brüt Metrekare121 m²Oda Sayısı2+1Binanın Yaşı21 Ve ÜzeriBinanın Kat Sayısı4Isıtma TipiKombi DoğalgazKullanım DurumuKiracı OturuyorKrediye UygunlukKrediye UygunYatırıma UygunlukYatırıma Uygun DeğilYapı Durumuİkinci ElYapı TipiBetonarmeTapu DurumuKat Mülkiyetiİpotek DurumuYokEşya DurumuEşyalıSite İçerisindeHayırAidat0 TLKira Getirisi50000 TLTakasYokBanyo Sayısı1Banyo Metrekare4 m²Balkon DurumuVarBalkon Sayısı1Balkon TipiAçık BalkonBalkon Metrekare5 m²Salon Metrekare16 m²WC Sayısı1WC Metrekare4 m²Fiyat DurumuGenel FiyatGörüntülü Gezilebilir mi?EvetZemin EtüdüVarDaha Fazla Gör,,İkinci El,Betonarme,0 TL,50000 TL,16 m²,1.0,Var,1.0,Açık Balkon,Evet,Yok,4 m²,5 m²,4 m²,,Var,,
https://www.emlakjet.com/ilan/camdibi-nde-satilik-4-kat-11-daire-16999155,2.050.000 TL,,İzmir,Bornova,Meriç Mahallesi,16999155,26 Kasım 2025,Konut,Satılık,Daire,80 m²,85 m²,1+1,21 Ve Üzeri,4.Kat,4,Klimalı,Boş,Krediye Uygun,,Kat Mülkiyeti,Hayır,,,1,Genel Fiyat,İlan Numarası16999155İlan Oluşturma Tarihi11 Mart 2025İlan Güncelleme Tarihi26 Kasım 2025TürüKonutKategorisiSatılıkTipiDaireNet Metrekare80 m²Brüt Metrekare85 m²Oda Sayısı1+1Binanın Yaşı21 Ve ÜzeriBulunduğu Kat4.KatBinanın Kat Sayısı4Isıtma TipiKlimalıKullanım DurumuBoşKrediye UygunlukKrediye UygunTapu DurumuKat MülkiyetiSite İçerisindeHayırBanyo Sayısı1Fiyat DurumuGenel FiyatDaha Fazla Gör,11 Mart 2025,,,,,,,,,,,,,,,,,,
https://www.emlakjet.com/ilan/4-cepheli-asansorlu-cadde-uzeri-satilik-luks-daire-16841056,10.100.000 TL,,İzmir,Bornova,İnönü Mahallesi,16841056,30 Eylül 2025,Konut,Satılık,Daire,165 m²,170 m²,4+1,5-10,3.Kat,4,Kombi Doğalgaz,Mülk Sahibi Oturuyor,Krediye Uygun,Bilinmiyor,Kat Mülkiyeti,Hayır,Boş,Var,2,Genel Fiyat,İlan Numarası16841056İlan Güncelleme Tarihi30 Eylül 2025TürüKonutKategorisiSatılıkTipiDaireNet Metrekare165 m²Brüt Metrekare170 m²Oda Sayısı4+1Binanın Yaşı5-10Bulunduğu Kat3.KatBinanın Kat Sayısı4Isıtma TipiKombi DoğalgazKullanım DurumuMülk Sahibi OturuyorKrediye UygunlukKrediye UygunYatırıma UygunlukBilinmiyorTapu DurumuKat MülkiyetiSite İçerisindeHayırEşya DurumuBoşTakasVarBanyo Sayısı2Fiyat DurumuGenel FiyatDaha Fazla Gör,,,,,,,,,,,,,,,,,,,
https://www.emlakjet.com/ilan/bornova-camdibinde-21-satilik-daire-16968179,2.100.000 TL,,İzmir,Bornova,Barbaros Mahallesi,16968179,01 Ekim 2025,Konut,Satılık,Daire,70 m²,80 m²,2+1,21 Ve Üzeri,2.Kat,3,Klimalı,Kiracı Oturuyor,Krediye Uygun Değil,Bilinmiyor,Kat İrtifakı,Hayır,Boş,Yok,1,Genel Fiyat,İlan Numarası16968179İlan Güncelleme Tarihi01 Ekim 2025TürüKonutKategorisiSatılıkTipiDaireNet Metrekare70 m²Brüt Metrekare80 m²Oda Sayısı2+1Binanın Yaşı21 Ve ÜzeriBulunduğu Kat2.KatBinanın Kat Sayısı3Isıtma TipiKlimalıKullanım DurumuKiracı OturuyorKrediye UygunlukKrediye Uygun DeğilYatırıma UygunlukBilinmiyorTapu DurumuKat İrtifakıSite İçerisindeHayırEşya DurumuBoşTakasYokBanyo Sayısı1Fiyat DurumuGenel FiyatDaha Fazla Gör,,,,,,,,,,,,,,,,,,,
https://www.emlakjet.com/ilan/izmir-sarnic-ta-satilik-2858-m2-arazi-icinde-3-katli-mustakil-ev-16684161,15.850.000 TL,,İzmir,Bornova,Sarnıçköy Mahallesi,16684161,02 Ekim 2025,Konut,Satılık,Müstakil Ev,160 m²,260 m²,4+1,21 Ve Üzeri,,3,Sobalı,Mülk Sahibi Oturuyor,Krediye Uygun,Bilinmiyor,Arsa Tapulu,Hayır,Boş,Var,2,Genel Fiyat,İlan Numarası16684161İlan Güncelleme Tarihi02 Ekim 2025TürüKonutKategorisiSatılıkTipiMüstakil EvNet Metrekare160 m²Brüt Metrekare260 m²Oda Sayısı4+1Binanın Yaşı21 Ve ÜzeriBinanın Kat Sayısı3Isıtma TipiSobalıKullanım DurumuMülk Sahibi OturuyorKrediye UygunlukKrediye UygunYatırıma UygunlukBilinmiyorTapu DurumuArsa TapuluEşya DurumuBoşSite İçerisindeHayırTakasVarBanyo Sayısı2Fiyat DurumuGenel FiyatDaha Fazla Gör,,,,,,,,,,,,,,,,,,,
https://www.emlakjet.com/ilan/izmir-bornova-yildirim-beyazit-cad-uzerinde-4-kata-imarli-mustakil-bina-14004999,5.800.000 TL,,İzmir,Bornova,Yıldırım Beyazıt Mahallesi,14004999,23 Kasım 2025,Konut,Satılık,Müstakil Ev,180 m²,220 m²,5+1,21 Ve Üzeri,,2,Klimalı,Mülk Sahibi Oturuyor,Krediye Uygun Değil,Yatırıma Uygun,Arsa Tapulu,Hayır,Boş,Yok,1,Genel Fiyat,İlan Numarası14004999İlan Oluşturma Tarihi27 Eylül 2023İlan Güncelleme Tarihi23 Kasım 2025TürüKonutKategorisiSatılıkTipiMüstakil EvNet Metrekare180 m²Brüt Metrekare220 m²Oda Sayısı5+1Binanın Yaşı21 Ve ÜzeriBinanın Kat Sayısı2Isıtma TipiKlimalıKullanım DurumuMülk Sahibi OturuyorKrediye UygunlukKrediye Uygun DeğilYatırıma UygunlukYatırıma UygunTapu DurumuArsa Tapuluİpotek DurumuYokSite İçerisindeHayırEşya DurumuBoşTakasYokBanyo Sayısı1Balkon DurumuVarBalkon Sayısı1WC Sayısı1Fiyat DurumuGenel FiyatGörüntülü Gezilebilir mi?HayırDaha Fazla Gör,27 Eylül 2023,,,,,,1.0,Var,1.0,,Hayır,Yok,,,,,,,
https://www.emlakjet.com/ilan/izmir-bornova-altindag-120-m2-mustakil-ev-50-m2-arsa-hediye-17428580,3.390.000 TL,,İzmir,Bornova,Zafer Mahallesi,17428580,27 Ekim 2025,Konut,Satılık,Müstakil Ev,120 m²,170 m²,2+1,21 Ve Üzeri,,2,Sobalı,Boş,Krediye Uygun,Bilinmiyor,Kat Mülkiyeti,Hayır,,Yok,1,Genel Fiyat,İlan Numarası17428580İlan Güncelleme Tarihi27 Ekim 2025TürüKonutKategorisiSatılıkTipiMüstakil EvNet Metrekare120 m²Brüt Metrekare170 m²Oda Sayısı2+1Binanın Yaşı21 Ve ÜzeriBinanın Kat Sayısı2Isıtma TipiSobalıKullanım DurumuBoşKrediye UygunlukKrediye UygunYatırıma UygunlukBilinmiyorTapu DurumuKat MülkiyetiSite İçerisindeHayırTakasYokBanyo Sayısı1Fiyat DurumuGenel FiyatDaha Fazla Gör,,,,,,,,,,,,,,,,,,,
https://www.emlakjet.com/ilan/bornova-evka-3-de-satilik-41-luks-villa-12105711,17.000.000 TL,,İzmir,Bornova,Evka 3 Mahallesi,12105711,29 Kasım 2025,Konut,Satılık,Daire,144 m²,168 m²,3+1,3,Villa Tipi,3,Kombi Doğalgaz,Kiracı Oturuyor,Krediye Uygun,Yatırıma Uygun,Kat İrtifakı,Hayır,Boş,Yok,2,Genel Fiyat,"İlan Numarası12105711İlan Oluşturma Tarihi03 Kasım 2022İlan Güncelleme Tarihi29 Kasım 2025TürüKonutKategorisiSatılıkTipiDaireNet Metrekare144 m²Brüt Metrekare168 m²Oda Sayısı3+1Binanın Yaşı3Bulunduğu KatVilla TipiBinanın Kat Sayısı3Isıtma TipiKombi DoğalgazKullanım DurumuKiracı OturuyorKrediye UygunlukKrediye UygunYatırıma UygunlukYatırıma UygunYapı DurumuSıfırYapı TipiBetonarmeTapu DurumuKat İrtifakıSite İçerisindeHayırİpotek DurumuVarEşya DurumuBoşAidat1 TLKira Getirisi60000 TLTakasYokBanyo Sayısı2Banyo Metrekare10 m²Balkon DurumuVarBalkon Sayısı3Balkon TipiAçık Balkon, Açık TerasBalkon Metrekare85 m²Salon Metrekare23 m²WC Sayısı2WC Metrekare8 m²Fiyat DurumuGenel FiyatGörüntülü Gezilebilir mi?EvetDaha Fazla Gör",03 Kasım 2022,Sıfır,Betonarme,1 TL,60000 TL,23 m²,2.0,Var,3.0,"Açık Balkon, Açık Teras",Evet,Var,10 m²,85 m²,8 m²,,,,
https://www.emlakjet.com/ilan/bornova-pinarbasi-nda-site-icerisinde-satilik-31-havuzlu-daire-bahce-dubleks-17402894,8.300.000 TL,,İzmir,Bornova,Kemalpaşa Mahallesi,17402894,05 Ekim 2025,Konut,Satılık,Daire,100 m²,110 m²,3+1,0 (Yeni),Bahçe Dublex,4,Kombi Doğalgaz,Boş,Krediye Uygun,,Kat Mülkiyeti,Evet,,,3,Genel Fiyat,İlan Numarası17402894İlan Güncelleme Tarihi05 Ekim 2025TürüKonutKategorisiSatılıkTipiDaireNet Metrekare100 m²Brüt Metrekare110 m²Oda Sayısı3+1Binanın Yaşı0 (Yeni)Bulunduğu KatBahçe DublexBinanın Kat Sayısı4Isıtma TipiKombi DoğalgazKullanım DurumuBoşKrediye UygunlukKrediye UygunTapu DurumuKat MülkiyetiSite İçerisindeEvetBanyo Sayısı3Fiyat DurumuGenel FiyatDaha Fazla Gör,,,,,,,,,,,,,,,,,,,
https://www.emlakjet.com/ilan/doganlarda-satilik-21-luks-dogalgazli-cati-dublexi-14691842,5.500.000 TL,,İzmir,Bornova,Doğanlar Mahallesi,14691842,29 Kasım 2025,Konut,Satılık,Daire,110 m²,125 m²,2+1,0 (Yeni),2.Kat,2,Kombi Doğalgaz,Boş,Krediye Uygun,Yatırıma Uygun,Kat İrtifakı,Hayır,Boş,Var,2,Genel Fiyat,İlan Numarası14691842İlan Oluşturma Tarihi12 Şubat 2024İlan Güncelleme Tarihi29 Kasım 2025TürüKonutKategorisiSatılıkTipiDaireNet Metrekare110 m²Brüt Metrekare125 m²Oda Sayısı2+1Binanın Yaşı0 (Yeni)Bulunduğu Kat2.KatBinanın Kat Sayısı2Isıtma TipiKombi DoğalgazKullanım DurumuBoşKrediye UygunlukKrediye UygunYatırıma UygunlukYatırıma UygunYapı DurumuSıfırYapı TipiBetonarmeTapu DurumuKat İrtifakıSite İçerisindeHayırİpotek DurumuYokEşya DurumuBoşKira Getirisi40000 TLTakasVarBanyo Sayısı2Banyo Metrekare8 m²Balkon DurumuVarBalkon Sayısı2Balkon TipiAçık BalkonBalkon Metrekare8 m²WC Sayısı2WC Metrekare8 m²Fiyat DurumuGenel FiyatGörüntülü Gezilebilir mi?HayırDaha Fazla Gör,12 Şubat 2024,Sıfır,Betonarme,,40000 TL,,2.0,Var,2.0,Açık Balkon,Hayır,Yok,8 m²,8 m²,8 m²,,,,
https://www.emlakjet.com/ilan/bornova-evka-3te-satilik-11-via-zone-projesi-dairesi-16874807,3.800.000 TL,,İzmir,Bornova,Evka 3 Mahallesi,16874807,28 Kasım 2025,Konut,Satılık,Daire,50 m²,64 m²,1+1,4,2.Kat,2,Klimalı,Kiracı Oturuyor,Krediye Uygun,Bilinmiyor,Kat İrtifakı,Hayır,Boş,Yok,1,Genel Fiyat,İlan Numarası16874807İlan Oluşturma Tarihi22 Şubat 2025İlan Güncelleme Tarihi28 Kasım 2025TürüKonutKategorisiSatılıkTipiDaireNet Metrekare50 m²Brüt Metrekare64 m²Oda Sayısı1+1Binanın Yaşı4Bulunduğu Kat2.KatBinanın Kat Sayısı2Isıtma TipiKlimalıKullanım DurumuKiracı OturuyorKrediye UygunlukKrediye UygunYatırıma UygunlukBilinmiyorTapu DurumuKat İrtifakıSite İçerisindeHayırEşya DurumuBoşTakasYokBanyo Sayısı1Fiyat DurumuGenel FiyatDaha Fazla Gör,22 Şubat 2025,,,,,,,,,,,,,,,,,,
https://www.emlakjet.com/ilan/izmir-bornova-altindag-satilik-daire-katta-31-yatirimlik-firsat-17429108,3.150.000 TL,,İzmir,Bornova,Birlik Mahallesi,17429108,27 Kasım 2025,Konut,Satılık,Daire,95 m²,105 m²,3+1,21 Ve Üzeri,2.Kat,3,Isıtma Yok,Kiracı Oturuyor,Krediye Uygun,Bilinmiyor,Kat Mülkiyeti,Hayır,Boş,Yok,1,Genel Fiyat,İlan Numarası17429108İlan Oluşturma Tarihi31 Mayıs 2025İlan Güncelleme Tarihi27 Kasım 2025TürüKonutKategorisiSatılıkTipiDaireNet Metrekare95 m²Brüt Metrekare105 m²Oda Sayısı3+1Binanın Yaşı21 Ve ÜzeriBulunduğu Kat2.KatBinanın Kat Sayısı3Isıtma TipiIsıtma YokKullanım DurumuKiracı OturuyorKrediye UygunlukKrediye UygunYatırıma UygunlukBilinmiyorTapu DurumuKat MülkiyetiSite İçerisindeHayırEşya DurumuBoşTakasYokBanyo Sayısı1Fiyat DurumuGenel FiyatDaha Fazla Gör,31 Mayıs 2025,,,,,,,,,,,,,,,,,,
https://www.emlakjet.com/ilan/izmir-bornova-altindag-kemalpasa-caddesi-yakini-satilik-mustakil-ev-15797560,3.250.000 TL,,İzmir,Bornova,Birlik Mahallesi,15797560,08 Kasım 2025,Konut,Satılık,Müstakil Ev,80 m²,95 m²,2+1,21 Ve Üzeri,,1,Klimalı,Mülk Sahibi Oturuyor,Krediye Uygun,Bilinmiyor,Bilinmiyor,Hayır,Boş,Yok,1,Genel Fiyat,İlan Numarası15797560İlan Güncelleme Tarihi08 Kasım 2025TürüKonutKategorisiSatılıkTipiMüstakil EvNet Metrekare80 m²Brüt Metrekare95 m²Oda Sayısı2+1Binanın Yaşı21 Ve ÜzeriBinanın Kat Sayısı1Isıtma TipiKlimalıKullanım DurumuMülk Sahibi OturuyorKrediye UygunlukKrediye UygunYatırıma UygunlukBilinmiyorYapı Durumuİkinci ElTapu DurumuBilinmiyorEşya DurumuBoşSite İçerisindeHayırTakasYokBanyo Sayısı1Salon Metrekare0 m²WC Sayısı1Fiyat DurumuGenel FiyatDaha Fazla Gör,,İkinci El,,,,0 m²,1.0,,,,,,,,,,,,
https://www.emlakjet.com/ilan/izmir-bornova-deniz-manzarali-havuzlu-esyali-luks-satilik-rezidans-daire-13916451,9.500.000 TL,,İzmir,Bornova,Rafet Paşa Mahallesi,13916451,01 Kasım 2025,Konut,Satılık,Residence,75 m²,128 m²,2+1,1,21.Kat,25,Klimalı,Boş,Krediye Uygun Değil,,Kat Mülkiyeti,Hayır,Boş,Yok,1,Genel Fiyat,İlan Numarası13916451İlan Güncelleme Tarihi01 Kasım 2025TürüKonutKategorisiSatılıkTipiResidenceNet Metrekare75 m²Brüt Metrekare128 m²Oda Sayısı2+1Binanın Yaşı1Bulunduğu Kat21.KatBinanın Kat Sayısı25Isıtma TipiKlimalıKullanım DurumuBoşKrediye UygunlukKrediye Uygun DeğilYapı Durumuİkinci ElTapu DurumuKat MülkiyetiSite İçerisindeHayırEşya DurumuBoşTakasYokBanyo Sayısı1Fiyat DurumuGenel FiyatDaha Fazla Gör,,İkinci El,,,,,,,,,,,,,,,,,
https://www.emlakjet.com/ilan/kun-emlakdan-21-dogalgazli-90-m2-daire-17211146,3.975.000 TL,,İzmir,Bornova,Gazi Osman Paşa Mahallesi,17211146,31 Ekim 2025,Konut,Satılık,Daire,80 m²,90 m²,2+1,11-15,3.Kat,3,Kombi Doğalgaz,Mülk Sahibi Oturuyor,Krediye Uygun,Bilinmiyor,Kat İrtifakı,Hayır,,Yok,1,Genel Fiyat,İlan Numarası17211146İlan Güncelleme Tarihi31 Ekim 2025TürüKonutKategorisiSatılıkTipiDaireNet Metrekare80 m²Brüt Metrekare90 m²Oda Sayısı2+1Binanın Yaşı11-15Bulunduğu Kat3.KatBinanın Kat Sayısı3Isıtma TipiKombi DoğalgazKullanım DurumuMülk Sahibi OturuyorKrediye UygunlukKrediye UygunYatırıma UygunlukBilinmiyorTapu DurumuKat İrtifakıSite İçerisindeHayırKira Getirisi22000 TLTakasYokBanyo Sayısı1Fiyat DurumuGenel FiyatDaha Fazla Gör,,,,,22000 TL,,,,,,,,,,,,,,
https://www.emlakjet.com/ilan/kosukavak-mah-de-dogalgazli-arakat-satilik-21-daire-17364950,3.900.000 TL,,İzmir,Bornova,Koşukavak Mahallesi,17364950,27 Kasım 2025,Konut,Satılık,Daire,90 m²,92 m²,2+1,21 Ve Üzeri,4.Kat,5,Kombi Doğalgaz,Kiracı Oturuyor,Krediye Uygun,Yatırıma Uygun,Kat Mülkiyeti,Hayır,,,1,Genel Fiyat,İlan Numarası17364950İlan Oluşturma Tarihi19 Mayıs 2025İlan Güncelleme Tarihi27 Kasım 2025TürüKonutKategorisiSatılıkTipiDaireNet Metrekare90 m²Brüt Metrekare92 m²Oda Sayısı2+1Binanın Yaşı21 Ve ÜzeriBulunduğu Kat4.KatBinanın Kat Sayısı5Isıtma TipiKombi DoğalgazKullanım DurumuKiracı OturuyorKrediye UygunlukKrediye UygunYatırıma UygunlukYatırıma UygunYapı Durumuİkinci ElYapı TipiBetonarmeTapu DurumuKat MülkiyetiSite İçerisindeHayırAidat50 TLBanyo Sayısı1Balkon DurumuVarBalkon Sayısı2Balkon TipiAçık BalkonWC Sayısı2Fiyat DurumuGenel FiyatGörüntülü Gezilebilir mi?EvetDaha Fazla Gör,19 Mayıs 2025,İkinci El,Betonarme,50 TL,,,2.0,Var,2.0,Açık Balkon,Evet,,,,,,,,
https://www.emlakjet.com/ilan/bornova-pinarbasi-satilik-31-daire-site-havuzlu-site-icerisinde-cati-dubleks-17402868,8.500.000 TL,,İzmir,Bornova,Kemalpaşa Mahallesi,17402868,05 Ekim 2025,Konut,Satılık,Daire,110 m²,120 m²,3+1,0 (Yeni),3.Kat,4,Kombi Doğalgaz,Boş,Krediye Uygun,,Kat Mülkiyeti,Hayır,,,2,Genel Fiyat,İlan Numarası17402868İlan Güncelleme Tarihi05 Ekim 2025TürüKonutKategorisiSatılıkTipiDaireNet Metrekare110 m²Brüt Metrekare120 m²Oda Sayısı3+1Binanın Yaşı0 (Yeni)Bulunduğu Kat3.KatBinanın Kat Sayısı4Isıtma TipiKombi DoğalgazKullanım DurumuBoşKrediye UygunlukKrediye UygunTapu DurumuKat MülkiyetiSite İçerisindeHayırBanyo Sayısı2Fiyat DurumuGenel FiyatDaha Fazla Gör,,,,,,,,,,,,,,,,,,,
https://www.emlakjet.com/ilan/bornova-yakakoy-1131-m2-icinde-300-m2-41-doga-manzarali-villa-17297386,18.750.000 TL,,İzmir,Bornova,Yakaköy Mahallesi,17297386,01 Ekim 2025,Konut,Satılık,Müstakil Ev,224 m²,300 m²,4+1,1,,2,Kat Kaloriferi,Mülk Sahibi Oturuyor,Krediye Uygun Değil,Bilinmiyor,Arsa Tapulu,Hayır,,Yok,3,Genel Fiyat,İlan Numarası17297386İlan Güncelleme Tarihi01 Ekim 2025TürüKonutKategorisiSatılıkTipiMüstakil EvNet Metrekare224 m²Brüt Metrekare300 m²Oda Sayısı4+1Binanın Yaşı1Binanın Kat Sayısı2Isıtma TipiKat KaloriferiKullanım DurumuMülk Sahibi OturuyorKrediye UygunlukKrediye Uygun DeğilYatırıma UygunlukBilinmiyorYapı DurumuSıfırTapu DurumuArsa TapuluSite İçerisindeHayırAidat1 TLTakasYokBanyo Sayısı3Fiyat DurumuGenel FiyatDaha Fazla Gör,,Sıfır,,1 TL,,,,,,,,,,,,,,,
https://www.emlakjet.com/ilan/bornova-doganlar-da-21-satilik-luks-daire-17072630,4.700.000 TL,,İzmir,Bornova,Doğanlar Mahallesi,17072630,29 Kasım 2025,Konut,Satılık,Daire,73 m²,83 m²,2+1,0 (Yeni),3.Kat,4,Kombi Doğalgaz,Boş,Krediye Uygun,Yatırıma Uygun,Kat İrtifakı,Hayır,Boş,Yok,1,Genel Fiyat,İlan Numarası17072630İlan Oluşturma Tarihi25 Mart 2025İlan Güncelleme Tarihi29 Kasım 2025TürüKonutKategorisiSatılıkTipiDaireNet Metrekare73 m²Brüt Metrekare83 m²Oda Sayısı2+1Binanın Yaşı0 (Yeni)Bulunduğu Kat3.KatBinanın Kat Sayısı4Isıtma TipiKombi DoğalgazKullanım DurumuBoşKrediye UygunlukKrediye UygunYatırıma UygunlukYatırıma UygunYapı DurumuSıfırYapı TipiBetonarmeTapu DurumuKat İrtifakıSite İçerisindeHayırİpotek DurumuYokEşya DurumuBoşKira Getirisi28000 TLTakasYokBanyo Sayısı1Banyo Metrekare4 m²Balkon DurumuVarBalkon Sayısı1Balkon TipiAçık BalkonBalkon Metrekare8 m²Salon Metrekare18 m²WC Sayısı1WC Metrekare1 m²Fiyat DurumuGenel FiyatGörüntülü Gezilebilir mi?EvetZemin EtüdüVarDaha Fazla Gör,25 Mart 2025,Sıfır,Betonarme,,28000 TL,18 m²,1.0,Var,1.0,Açık Balkon,Evet,Yok,4 m²,8 m²,1 m²,,Var,,
https://www.emlakjet.com/ilan/fb-gayrimenkul-den-cicekli-koy-de-satilik-bahceli-mustakil-ev-16681511,5.000.000 TL,,İzmir,Bornova,Yakaköy Mahallesi,16681511,31 Ekim 2025,Konut,Satılık,Müstakil Ev,90 m²,500 m²,2+1,2,,1,Sobalı,Boş,Krediye Uygun Değil,Bilinmiyor,Hisseli Tapu,Hayır,Eşyalı,Var,1,Genel Fiyat,İlan Numarası16681511İlan Güncelleme Tarihi31 Ekim 2025TürüKonutKategorisiSatılıkTipiMüstakil EvNet Metrekare90 m²Brüt Metrekare500 m²Oda Sayısı2+1Binanın Yaşı2Binanın Kat Sayısı1Isıtma TipiSobalıKullanım DurumuBoşKrediye UygunlukKrediye Uygun DeğilYatırıma UygunlukBilinmiyorTapu DurumuHisseli TapuEşya DurumuEşyalıSite İçerisindeHayırTakasVarBanyo Sayısı1Fiyat DurumuGenel FiyatDaha Fazla Gör,,,,,,,,,,,,,,,,,,,
https://www.emlakjet.com/ilan/bornovanin-tam-merkezinde-yatirimlik-sifir-21-kapali-mutfakli-15787958,5.500.000 TL,,İzmir,Bornova,Erzene Mahallesi,15787958,27 Kasım 2025,Konut,Satılık,Daire,75 m²,80 m²,2+1,0 (Yeni),2.Kat,5,Kombi Doğalgaz,Boş,Krediye Uygun,Bilinmiyor,Bilinmiyor,Hayır,Boş,Yok,1,Genel Fiyat,İlan Numarası15787958İlan Oluşturma Tarihi29 Ağustos 2024İlan Güncelleme Tarihi27 Kasım 2025TürüKonutKategorisiSatılıkTipiDaireNet Metrekare75 m²Brüt Metrekare80 m²Oda Sayısı2+1Binanın Yaşı0 (Yeni)Bulunduğu Kat2.KatBinanın Kat Sayısı5Isıtma TipiKombi DoğalgazKullanım DurumuBoşKrediye UygunlukKrediye UygunYatırıma UygunlukBilinmiyorTapu DurumuBilinmiyorSite İçerisindeHayırEşya DurumuBoşKira Getirisi25000 TLTakasYokBanyo Sayısı1Fiyat DurumuGenel FiyatDaha Fazla Gör,29 Ağustos 2024,,,,25000 TL,,,,,,,,,,,,,,
https://www.emlakjet.com/ilan/bornova-ataturk-mahallesinde-yatirimlik-kiracili-bina-16480748,8.700.000 TL,,İzmir,Bornova,İnönü Mahallesi,16480748,27 Kasım 2025,Konut,Satılık,Bina,224 m²,225 m²,1 Oda,21 Ve Üzeri,,2,Kombi Doğalgaz,Boş,Krediye Uygun Değil,Bilinmiyor,Müstakil Tapulu,Hayır,,Var,Yok,Genel Fiyat,İlan Numarası16480748İlan Oluşturma Tarihi16 Aralık 2024İlan Güncelleme Tarihi27 Kasım 2025TürüKonutKategorisiSatılıkTipiBinaNet Metrekare224 m²Brüt Metrekare225 m²Oda Sayısı1 OdaBinanın Yaşı21 Ve ÜzeriBinanın Kat Sayısı2Isıtma TipiKombi DoğalgazKullanım DurumuBoşKrediye UygunlukKrediye Uygun DeğilYatırıma UygunlukBilinmiyorTapu DurumuMüstakil TapuluSite İçerisindeHayırTakasVarBanyo SayısıYokFiyat DurumuGenel FiyatDaha Fazla Gör,16 Aralık 2024,,,,,,,,,,,,,,,,,,
https://www.emlakjet.com/ilan/bornova-pinarbasi-nda-luks-site-icerisinde-satilik-11-daire-17405167,4.200.000 TL,,İzmir,Bornova,Kemalpaşa Mahallesi,17405167,05 Ekim 2025,Konut,Satılık,Daire,50 m²,55 m²,1+1,0 (Yeni),3.Kat,4,Kombi Doğalgaz,Boş,Krediye Uygun,,Kat Mülkiyeti,Evet,,,1,Genel Fiyat,İlan Numarası17405167İlan Güncelleme Tarihi05 Ekim 2025TürüKonutKategorisiSatılıkTipiDaireNet Metrekare50 m²Brüt Metrekare55 m²Oda Sayısı1+1Binanın Yaşı0 (Yeni)Bulunduğu Kat3.KatBinanın Kat Sayısı4Isıtma TipiKombi DoğalgazKullanım DurumuBoşKrediye UygunlukKrediye UygunTapu DurumuKat MülkiyetiSite İçerisindeEvetBanyo Sayısı1Fiyat DurumuGenel FiyatDaha Fazla Gör,,,,,,,,,,,,,,,,,,,
https://www.emlakjet.com/ilan/bornova-camdibi-nde-yatirimlik-komple-satilik-bina-16924402,6.750.000 TL,,İzmir,Bornova,Gazi Osman Paşa Mahallesi,16924402,30 Ekim 2025,Konut,Satılık,Bina,400 m²,464 m²,9+ Oda,21 Ve Üzeri,,4,Klimalı,Kiracı Oturuyor,Krediye Uygun,Yatırıma Uygun,Müstakil Tapulu,Hayır,,Var,3,Genel Fiyat,İlan Numarası16924402İlan Oluşturma Tarihi01 Mart 2025İlan Güncelleme Tarihi30 Ekim 2025TürüKonutKategorisiSatılıkTipiBinaNet Metrekare400 m²Brüt Metrekare464 m²Oda Sayısı9+ OdaBinanın Yaşı21 Ve ÜzeriBinanın Kat Sayısı4Isıtma TipiKlimalıKullanım DurumuKiracı OturuyorKrediye UygunlukKrediye UygunYatırıma UygunlukYatırıma UygunYapı TipiBetonarmeTapu DurumuMüstakil Tapuluİpotek DurumuYokSite İçerisindeHayırTakasVarBanyo Sayısı3Balkon DurumuVarKattaki Daire Sayısı1Balkon Sayısı3Balkon TipiAçık BalkonFiyat DurumuGenel FiyatGörüntülü Gezilebilir mi?HayırDaha Fazla Gör,01 Mart 2025,,Betonarme,,,,,Var,3.0,Açık Balkon,Hayır,Yok,,,,,,1.0,
https://www.emlakjet.com/ilan/kiracili-ara-kat-bir-yillik-21-17273523,4.900.000 TL,,İzmir,Bornova,Atatürk Mahallesi,17273523,07 Kasım 2025,Konut,Satılık,Daire,58 m²,68 m²,2+1,0 (Yeni),2.Kat,3,Kombi Doğalgaz,Boş,Krediye Uygun,Bilinmiyor,Kat Mülkiyeti,Hayır,,Var,6+,Genel Fiyat,İlan Numarası17273523İlan Güncelleme Tarihi07 Kasım 2025TürüKonutKategorisiSatılıkTipiDaireNet Metrekare58 m²Brüt Metrekare68 m²Oda Sayısı2+1Binanın Yaşı0 (Yeni)Bulunduğu Kat2.KatBinanın Kat Sayısı3Isıtma TipiKombi DoğalgazKullanım DurumuBoşKrediye UygunlukKrediye UygunYatırıma UygunlukBilinmiyorYapı DurumuSıfırYapı TipiBetonarmeTapu DurumuKat Mülkiyetiİpotek DurumuYokSite İçerisindeHayırAidat250 TLKira Getirisi27000 TLTakasVarBanyo Sayısı6+Banyo Metrekare4 m²Balkon DurumuVarBalkon Sayısı1Balkon TipiAçık BalkonBalkon Metrekare6 m²WC Sayısı1Ada3593Parsel5Fiyat DurumuGenel FiyatGörüntülü Gezilebilir mi?EvetDaha Fazla Gör,,Sıfır,Betonarme,250 TL,27000 TL,,1.0,Var,1.0,Açık Balkon,Evet,Yok,4 m²,6 m²,,5.0,,,3593.0
https://www.emlakjet.com/ilan/artenew-den-10-yuksek-giris-2-yillik-mus-girsli-satilik-daire-16657716,1.800.000 TL,,İzmir,Bornova,Kızılay Mahallesi,16657716,06 Kasım 2025,Konut,Satılık,Daire,28 m²,32 m²,Stüdyo,2,Yüksek Giriş,2,Isıtma Yok,Boş,Krediye Uygun,Bilinmiyor,Kat İrtifakı,Hayır,Boş,Var,1,Genel Fiyat,İlan Numarası16657716İlan Güncelleme Tarihi06 Kasım 2025TürüKonutKategorisiSatılıkTipiDaireNet Metrekare28 m²Brüt Metrekare32 m²Oda SayısıStüdyoBinanın Yaşı2Bulunduğu KatYüksek GirişBinanın Kat Sayısı2Isıtma TipiIsıtma YokKullanım DurumuBoşKrediye UygunlukKrediye UygunYatırıma UygunlukBilinmiyorTapu DurumuKat İrtifakıSite İçerisindeHayırEşya DurumuBoşTakasVarBanyo Sayısı1Fiyat DurumuGenel FiyatDaha Fazla Gör,,,,,,,,,,,,,,,,,,,
https://www.emlakjet.com/ilan/bornova-inonu-mah-5-katli-satilik-bina-15397430,33.000.000 TL,,İzmir,Bornova,İnönü Mahallesi,15397430,27 Kasım 2025,Konut,Satılık,Daire,115 m²,125 m²,3+1,16-20,5.Kat,5,Kombi Doğalgaz,Mülk Sahibi Oturuyor,Krediye Uygun,,Kat İrtifakı,Hayır,,,1,Genel Fiyat,İlan Numarası15397430İlan Oluşturma Tarihi28 Haziran 2024İlan Güncelleme Tarihi27 Kasım 2025TürüKonutKategorisiSatılıkTipiDaireNet Metrekare115 m²Brüt Metrekare125 m²Oda Sayısı3+1Binanın Yaşı16-20Bulunduğu Kat5.KatBinanın Kat Sayısı5Isıtma TipiKombi DoğalgazKullanım DurumuMülk Sahibi OturuyorKrediye UygunlukKrediye UygunTapu DurumuKat İrtifakıSite İçerisindeHayırBanyo Sayısı1Fiyat DurumuGenel FiyatDaha Fazla Gör,28 Haziran 2024,,,,,,,,,,,,,,,,,,
https://www.emlakjet.com/ilan/inonu-de-komple-satilik-5-katli-bina-15035891,21.500.000 TL,,İzmir,Bornova,İnönü Mahallesi,15035891,29 Kasım 2025,Konut,Satılık,Daire,500 m²,550 m²,3+1,16-20,5.Kat,5,Kombi Doğalgaz,Mülk Sahibi Oturuyor,Krediye Uygun,Bilinmiyor,Kat İrtifakı,Hayır,Boş,Yok,1,Genel Fiyat,İlan Numarası15035891İlan Oluşturma Tarihi23 Nisan 2024İlan Güncelleme Tarihi29 Kasım 2025TürüKonutKategorisiSatılıkTipiDaireNet Metrekare500 m²Brüt Metrekare550 m²Oda Sayısı3+1Binanın Yaşı16-20Bulunduğu Kat5.KatBinanın Kat Sayısı5Isıtma TipiKombi DoğalgazKullanım DurumuMülk Sahibi OturuyorKrediye UygunlukKrediye UygunYatırıma UygunlukBilinmiyorTapu DurumuKat İrtifakıSite İçerisindeHayırEşya DurumuBoşTakasYokBanyo Sayısı1Fiyat DurumuGenel FiyatDaha Fazla Gör,23 Nisan 2024,,,,,,,,,,,,,,,,,,
https://www.emlakjet.com/ilan/bornova-doganlar-da-satilik-komple-bina-14971524,7.500.000 TL,,İzmir,Bornova,Doğanlar Mahallesi,14971524,28 Kasım 2025,Konut,Satılık,Bina,359 m²,360 m²,1 Oda,21 Ve Üzeri,,3,Isıtma Yok,Boş,Krediye Uygun,Bilinmiyor,Bilinmiyor,Hayır,,Yok,Yok,Genel Fiyat,İlan Numarası14971524İlan Oluşturma Tarihi06 Nisan 2024İlan Güncelleme Tarihi28 Kasım 2025TürüKonutKategorisiSatılıkTipiBinaNet Metrekare359 m²Brüt Metrekare360 m²Oda Sayısı1 OdaBinanın Yaşı21 Ve ÜzeriBinanın Kat Sayısı3Isıtma TipiIsıtma YokKullanım DurumuBoşKrediye UygunlukKrediye UygunYatırıma UygunlukBilinmiyorTapu DurumuBilinmiyorSite İçerisindeHayırTakasYokBanyo SayısıYokFiyat DurumuGenel FiyatDaha Fazla Gör,06 Nisan 2024,,,,,,,,,,,,,,,,,,
https://www.emlakjet.com/ilan/camdibi-altindag-caddesine-yakin-komple-satilik-mustakil-bina-17011370,8.000.000 TL,,İzmir,Bornova,Meriç Mahallesi,17011370,14 Ekim 2025,Konut,Satılık,Müstakil Ev,300 m²,350 m²,5+3,21 Ve Üzeri,,3,Kombi Doğalgaz,Boş,Krediye Uygun,Bilinmiyor,Müstakil Tapulu,Hayır,Boş,Var,3,Genel Fiyat,İlan Numarası17011370İlan Güncelleme Tarihi14 Ekim 2025TürüKonutKategorisiSatılıkTipiMüstakil EvNet Metrekare300 m²Brüt Metrekare350 m²Oda Sayısı5+3Binanın Yaşı21 Ve ÜzeriBinanın Kat Sayısı3Isıtma TipiKombi DoğalgazKullanım DurumuBoşKrediye UygunlukKrediye UygunYatırıma UygunlukBilinmiyorTapu DurumuMüstakil TapuluEşya DurumuBoşSite İçerisindeHayırTakasVarBanyo Sayısı3Fiyat DurumuGenel FiyatDaha Fazla Gör,,,,,,,,,,,,,,,,,,,
https://www.emlakjet.com/ilan/bornova-ataturk-mahallesinde-satilik-uc-katli-bina-ve-isyeri-16860933,12.000.000 TL,,İzmir,Bornova,Ergene Mahallesi,16860933,30 Eylül 2025,Konut,Satılık,Bina,68 m²,75 m²,2+1,21 Ve Üzeri,,3,Kombi Doğalgaz,Kiracı Oturuyor,Krediye Uygun,,Kat İrtifakı,Hayır,Boş,Var,1,Genel Fiyat,İlan Numarası16860933İlan Güncelleme Tarihi30 Eylül 2025TürüKonutKategorisiSatılıkTipiBinaNet Metrekare68 m²Brüt Metrekare75 m²Oda Sayısı2+1Binanın Yaşı21 Ve ÜzeriBinanın Kat Sayısı3Isıtma TipiKombi DoğalgazKullanım DurumuKiracı OturuyorKrediye UygunlukKrediye UygunYapı Durumuİkinci ElYapı TipiBetonarmeTapu DurumuKat İrtifakıİpotek DurumuYokEşya DurumuBoşSite İçerisindeHayırTakasVarBanyo Sayısı1Banyo Metrekare15 m²Balkon DurumuVarKattaki Daire Sayısı1Balkon Sayısı1Salon Metrekare25 m²WC Sayısı1Ada3553Parsel23Fiyat DurumuGenel FiyatDaha Fazla Gör,,İkinci El,Betonarme,,,25 m²,1.0,Var,1.0,,,Yok,15 m²,,,23.0,,1.0,3553.0
https://www.emlakjet.com/ilan/fb-gayrimenkul-den-yaka-da-mustakil-tapulu-bahceli-kagir-ev-17418835,7.850.000 TL,,İzmir,Bornova,Yakaköy Mahallesi,17418835,31 Ekim 2025,Konut,Satılık,Müstakil Ev,60 m²,75 m²,2+1,21 Ve Üzeri,,1,Isıtma Yok,Kiracı Oturuyor,Krediye Uygun,Bilinmiyor,Müstakil Tapulu,Hayır,Boş,Yok,1,Genel Fiyat,İlan Numarası17418835İlan Güncelleme Tarihi31 Ekim 2025TürüKonutKategorisiSatılıkTipiMüstakil EvNet Metrekare60 m²Brüt Metrekare75 m²Oda Sayısı2+1Binanın Yaşı21 Ve ÜzeriBinanın Kat Sayısı1Isıtma TipiIsıtma YokKullanım DurumuKiracı OturuyorKrediye UygunlukKrediye UygunYatırıma UygunlukBilinmiyorTapu DurumuMüstakil TapuluEşya DurumuBoşSite İçerisindeHayırTakasYokBanyo Sayısı1Fiyat DurumuGenel FiyatDaha Fazla Gör,,,,,,,,,,,,,,,,,,,
https://www.emlakjet.com/ilan/11-satilik-daire-16007737,5.500.000 TL,,İzmir,Bornova,Erzene Mahallesi,16007737,29 Kasım 2025,Konut,Satılık,Daire,50 m²,55 m²,1+1,0 (Yeni),4.Kat,5,Kombi Doğalgaz,Boş,Krediye Uygun,Yatırıma Uygun,Bilinmiyor,Hayır,Boş,,1,Genel Fiyat,İlan Numarası16007737İlan Oluşturma Tarihi03 Ekim 2024İlan Güncelleme Tarihi29 Kasım 2025TürüKonutKategorisiSatılıkTipiDaireNet Metrekare50 m²Brüt Metrekare55 m²Oda Sayısı1+1Binanın Yaşı0 (Yeni)Bulunduğu Kat4.KatBinanın Kat Sayısı5Isıtma TipiKombi DoğalgazKullanım DurumuBoşKrediye UygunlukKrediye UygunYatırıma UygunlukYatırıma UygunYapı DurumuSıfırTapu DurumuBilinmiyorSite İçerisindeHayırEşya DurumuBoşKira Getirisi22000 TLBanyo Sayısı1Balkon DurumuVarBalkon Sayısı1Fiyat DurumuGenel FiyatGörüntülü Gezilebilir mi?EvetDaha Fazla Gör,03 Ekim 2024,Sıfır,,,22000 TL,,,Var,1.0,,Evet,,,,,,,,
https://www.emlakjet.com/ilan/doganlarin-en-guzel-yerinde-mustakil-dublex-daire-17127026,6.850.000 TL,,İzmir,Bornova,Doğanlar Mahallesi,17127026,06 Kasım 2025,Konut,Satılık,Daire,110 m²,140 m²,4+1,21 Ve Üzeri,Bahçe Dublex,2,Kombi Doğalgaz,Mülk Sahibi Oturuyor,Krediye Uygun,,Kat Mülkiyeti,Hayır,,,1,Genel Fiyat,İlan Numarası17127026İlan Güncelleme Tarihi06 Kasım 2025TürüKonutKategorisiSatılıkTipiDaireNet Metrekare110 m²Brüt Metrekare140 m²Oda Sayısı4+1Binanın Yaşı21 Ve ÜzeriBulunduğu KatBahçe DublexBinanın Kat Sayısı2Isıtma TipiKombi DoğalgazKullanım DurumuMülk Sahibi OturuyorKrediye UygunlukKrediye UygunTapu DurumuKat MülkiyetiSite İçerisindeHayırAidat10 TLKira Getirisi25000 TLBanyo Sayısı1Balkon DurumuVarBalkon Sayısı1Fiyat DurumuGenel FiyatDaha Fazla Gör,,,,10 TL,25000 TL,,,Var,1.0,,,,,,,,,,
https://www.emlakjet.com/ilan/yesilova-mahallesinde-satilik-bina-17145522,10.500.000 TL,,İzmir,Bornova,Yeşilova Mahallesi,17145522,27 Kasım 2025,Konut,Satılık,Bina,90 m²,105 m²,2+1,21 Ve Üzeri,,4,Kombi Doğalgaz,Kiracı Oturuyor,Krediye Uygun,Yatırıma Uygun,Hisseli Tapu,Hayır,Boş,,1,Genel Fiyat,İlan Numarası17145522İlan Oluşturma Tarihi12 Nisan 2025İlan Güncelleme Tarihi27 Kasım 2025TürüKonutKategorisiSatılıkTipiBinaNet Metrekare90 m²Brüt Metrekare105 m²Oda Sayısı2+1Binanın Yaşı21 Ve ÜzeriBinanın Kat Sayısı4Isıtma TipiKombi DoğalgazKullanım DurumuKiracı OturuyorKrediye UygunlukKrediye UygunYatırıma UygunlukYatırıma UygunYapı Durumuİkinci ElYapı TipiBetonarmeTapu DurumuHisseli Tapuİpotek DurumuYokSite İçerisindeHayırEşya DurumuBoşBanyo Sayısı1Balkon DurumuVarKattaki Daire Sayısı1Balkon Sayısı1Balkon TipiAçık BalkonWC Sayısı1Fiyat DurumuGenel FiyatGörüntülü Gezilebilir mi?EvetDaha Fazla Gör,12 Nisan 2025,İkinci El,Betonarme,,,,1.0,Var,1.0,Açık Balkon,Evet,Yok,,,,,,1.0,
https://www.emlakjet.com/ilan/yesilova-mahallesinde-satilik-31-daire-17152918,3.500.000 TL,,İzmir,Bornova,Yeşilova Mahallesi,17152918,09 Ekim 2025,Konut,Satılık,Daire,110 m²,127 m²,3+1,21 Ve Üzeri,Bahçe Katı,2,Klimalı,Kiracı Oturuyor,Krediye Uygun,Yatırıma Uygun,Tapu Kaydı Yok,Hayır,,,1,Genel Fiyat,İlan Numarası17152918İlan Oluşturma Tarihi14 Nisan 2025İlan Güncelleme Tarihi09 Ekim 2025TürüKonutKategorisiSatılıkTipiDaireNet Metrekare110 m²Brüt Metrekare127 m²Oda Sayısı3+1Binanın Yaşı21 Ve ÜzeriBulunduğu KatBahçe KatıBinanın Kat Sayısı2Isıtma TipiKlimalıKullanım DurumuKiracı OturuyorKrediye UygunlukKrediye UygunYatırıma UygunlukYatırıma UygunYapı Durumuİkinci ElYapı TipiKagirTapu DurumuTapu Kaydı YokSite İçerisindeHayırİpotek DurumuYokBanyo Sayısı1Balkon DurumuVarBalkon Sayısı1Balkon TipiAçık BalkonWC Sayısı1Parsel11491Fiyat DurumuGenel FiyatDaha Fazla Gör,14 Nisan 2025,İkinci El,Kagir,,,,1.0,Var,1.0,Açık Balkon,,Yok,,,,11491.0,,,
https://www.emlakjet.com/ilan/31-doganlar-mh-bornova-16401761,7.150.000 TL,,İzmir,Bornova,Doğanlar Mahallesi,16401761,15 Kasım 2025,Konut,Satılık,Daire,125 m²,130 m²,3+1,21 Ve Üzeri,4.Kat,4,Kombi Doğalgaz,Boş,Krediye Uygun,Yatırıma Uygun,Kat Mülkiyeti,Hayır,Boş,Yok,1,Genel Fiyat,İlan Numarası16401761İlan Güncelleme Tarihi15 Kasım 2025TürüKonutKategorisiSatılıkTipiDaireNet Metrekare125 m²Brüt Metrekare130 m²Oda Sayısı3+1Binanın Yaşı21 Ve ÜzeriBulunduğu Kat4.KatBinanın Kat Sayısı4Isıtma TipiKombi DoğalgazKullanım DurumuBoşKrediye UygunlukKrediye UygunYatırıma UygunlukYatırıma UygunYapı Durumuİkinci ElYapı TipiBetonarmeTapu DurumuKat Mülkiyetiİpotek DurumuYokSite İçerisindeHayırEşya DurumuBoşAidat0 TLKira Getirisi25000 TLTakasYokBanyo Sayısı1Banyo Metrekare5 m²Balkon DurumuVarBalkon Sayısı1Balkon TipiAçık BalkonBalkon Metrekare3 m²Salon Metrekare22 m²WC Sayısı1WC Metrekare2 m²Ada22391Parsel3Fiyat DurumuGenel FiyatGörüntülü Gezilebilir mi?EvetDaha Fazla Gör,,İkinci El,Betonarme,0 TL,25000 TL,22 m²,1.0,Var,1.0,Açık Balkon,Evet,Yok,5 m²,3 m²,2 m²,3.0,,,22391.0
https://www.emlakjet.com/ilan/passa-nova-bornova-satilik-21-daire-17068644,6.000.000 TL,,İzmir,Bornova,Kazımdirik Mahallesi,17068644,28 Kasım 2025,Konut,Satılık,Daire,55 m²,65 m²,2+1,0 (Yeni),3.Kat,7,VRV,Kiracı Oturuyor,Krediye Uygun Değil,Bilinmiyor,Kat İrtifakı,Evet,Boş,Yok,1,Genel Fiyat,İlan Numarası17068644İlan Oluşturma Tarihi24 Mart 2025İlan Güncelleme Tarihi28 Kasım 2025TürüKonutKategorisiSatılıkTipiDaireNet Metrekare55 m²Brüt Metrekare65 m²Oda Sayısı2+1Binanın Yaşı0 (Yeni)Bulunduğu Kat3.KatBinanın Kat Sayısı7Isıtma TipiVRVKullanım DurumuKiracı OturuyorKrediye UygunlukKrediye Uygun DeğilYatırıma UygunlukBilinmiyorTapu DurumuKat İrtifakıSite İçerisindeEvetEşya DurumuBoşTakasYokBanyo Sayısı1Fiyat DurumuGenel FiyatDaha Fazla Gör,24 Mart 2025,,,,,,,,,,,,,,,,,,
https://www.emlakjet.com/ilan/satilik-mustakil-ev-camdibi-izmir-bornova-17031595,3.500.000 TL,,İzmir,Bornova,Yıldırım Beyazıt Mahallesi,17031595,26 Kasım 2025,Konut,Satılık,Müstakil Ev,100 m²,105 m²,2+1,21 Ve Üzeri,,2,Doğalgaz Sobalı,Mülk Sahibi Oturuyor,Krediye Uygun,,Müstakil Tapulu,Hayır,,,1,Genel Fiyat,İlan Numarası17031595İlan Oluşturma Tarihi17 Mart 2025İlan Güncelleme Tarihi26 Kasım 2025TürüKonutKategorisiSatılıkTipiMüstakil EvNet Metrekare100 m²Brüt Metrekare105 m²Oda Sayısı2+1Binanın Yaşı21 Ve ÜzeriBinanın Kat Sayısı2Isıtma TipiDoğalgaz SobalıKullanım DurumuMülk Sahibi OturuyorKrediye UygunlukKrediye UygunTapu DurumuMüstakil TapuluSite İçerisindeHayırBanyo Sayısı1Fiyat DurumuGenel FiyatDaha Fazla Gör,17 Mart 2025,,,,,,,,,,,,,,,,,,
https://www.emlakjet.com/ilan/doganlar-da-satilik-3-katli-bina-14577378,12.000.000 TL,,İzmir,Bornova,Doğanlar Mahallesi,14577378,28 Kasım 2025,Konut,Satılık,Daire,330 m²,360 m²,3+1,2,2.Kat,3,Kombi Doğalgaz,Mülk Sahibi Oturuyor,Krediye Uygun,Yatırıma Uygun,Müstakil Tapulu,Hayır,Boş,Yok,1,Genel Fiyat,İlan Numarası14577378İlan Oluşturma Tarihi19 Ocak 2024İlan Güncelleme Tarihi28 Kasım 2025TürüKonutKategorisiSatılıkTipiDaireNet Metrekare330 m²Brüt Metrekare360 m²Oda Sayısı3+1Binanın Yaşı2Bulunduğu Kat2.KatBinanın Kat Sayısı3Isıtma TipiKombi DoğalgazKullanım DurumuMülk Sahibi OturuyorKrediye UygunlukKrediye UygunYatırıma UygunlukYatırıma UygunYapı Durumuİkinci ElYapı TipiBetonarmeTapu DurumuMüstakil TapuluSite İçerisindeHayırİpotek DurumuYokEşya DurumuBoşKira Getirisi35000 TLTakasYokBanyo Sayısı1Banyo Metrekare5 m²Balkon DurumuVarBalkon Sayısı2Balkon TipiAçık BalkonBalkon Metrekare3 m²Salon Metrekare24 m²WC Sayısı1WC Metrekare5 m²Fiyat DurumuGenel FiyatGörüntülü Gezilebilir mi?HayırZemin EtüdüVarDaha Fazla Gör,19 Ocak 2024,İkinci El,Betonarme,,35000 TL,24 m²,1.0,Var,2.0,Açık Balkon,Hayır,Yok,5 m²,3 m²,5 m²,,Var,,
https://www.emlakjet.com/ilan/ataturk-mahallesinde-balkonlu-satilik-21-17344460,4.900.000 TL,,İzmir,Bornova,Atatürk Mahallesi,17344460,07 Kasım 2025,Konut,Satılık,Daire,65 m²,80 m²,2+1,0 (Yeni),2.Kat,3,Kombi Doğalgaz,Kiracı Oturuyor,Krediye Uygun,Bilinmiyor,Kat Mülkiyeti,Hayır,,Var,1,Genel Fiyat,İlan Numarası17344460İlan Güncelleme Tarihi07 Kasım 2025TürüKonutKategorisiSatılıkTipiDaireNet Metrekare65 m²Brüt Metrekare80 m²Oda Sayısı2+1Binanın Yaşı0 (Yeni)Bulunduğu Kat2.KatBinanın Kat Sayısı3Isıtma TipiKombi DoğalgazKullanım DurumuKiracı OturuyorKrediye UygunlukKrediye UygunYatırıma UygunlukBilinmiyorYapı DurumuSıfırYapı TipiBetonarmeTapu DurumuKat Mülkiyetiİpotek DurumuYokSite İçerisindeHayırAidat200 TLKira Getirisi27000 TLTakasVarBanyo Sayısı1Balkon DurumuVarBalkon Sayısı1Balkon TipiAçık BalkonWC Sayısı1Fiyat DurumuGenel FiyatDaha Fazla Gör,,Sıfır,Betonarme,200 TL,27000 TL,,1.0,Var,1.0,Açık Balkon,,Yok,,,,,,,
https://www.emlakjet.com/ilan/bornova-mevlana-da-41satilik-cati-dubleks-daire-15009075,10.000.000 TL,,İzmir,Bornova,Mevlana Mahallesi,15009075,29 Kasım 2025,Konut,Satılık,Daire,160 m²,400 m²,4+1,5-10,2.Kat,3,Kombi Doğalgaz,Boş,Krediye Uygun,Bilinmiyor,Kat İrtifakı,Hayır,Boş,Var,2,Genel Fiyat,"İlan Numarası15009075İlan Oluşturma Tarihi17 Nisan 2024İlan Güncelleme Tarihi29 Kasım 2025TürüKonutKategorisiSatılıkTipiDaireNet Metrekare160 m²Brüt Metrekare400 m²Oda Sayısı4+1Binanın Yaşı5-10Bulunduğu Kat2.KatBinanın Kat Sayısı3Isıtma TipiKombi DoğalgazKullanım DurumuBoşKrediye UygunlukKrediye UygunYatırıma UygunlukBilinmiyorYapı Durumuİkinci ElYapı TipiBetonarmeTapu DurumuKat İrtifakıSite İçerisindeHayırİpotek DurumuYokEşya DurumuBoşTakasVarBanyo Sayısı2Banyo Metrekare15 m²Balkon DurumuVarBalkon Sayısı2Balkon TipiAçık Balkon, Açık TerasBalkon Metrekare250 m²Salon Metrekare28 m²WC Sayısı2WC Metrekare2 m²Fiyat DurumuGenel FiyatGörüntülü Gezilebilir mi?EvetDaha Fazla Gör",17 Nisan 2024,İkinci El,Betonarme,,,28 m²,2.0,Var,2.0,"Açık Balkon, Açık Teras",Evet,Yok,15 m²,250 m²,2 m²,,,,
https://www.emlakjet.com/ilan/izmir-bornova-inonu-ergene-mah-31-deniz-manzarali-genis-daire-16836898,3.400.000 TL,,İzmir,Bornova,İnönü Mahallesi,16836898,25 Kasım 2025,Konut,Satılık,Daire,107 m²,181 m²,3+1,21 Ve Üzeri,2.Kat,3,Klimalı,Kiracı Oturuyor,Bilinmiyor,Yatırıma Uygun,Kat Mülkiyeti,Hayır,Eşyalı,Yok,1,Genel Fiyat,İlan Numarası16836898İlan Oluşturma Tarihi15 Şubat 2025İlan Güncelleme Tarihi25 Kasım 2025TürüKonutKategorisiSatılıkTipiDaireNet Metrekare107 m²Brüt Metrekare181 m²Oda Sayısı3+1Binanın Yaşı21 Ve ÜzeriBulunduğu Kat2.KatBinanın Kat Sayısı3Isıtma TipiKlimalıKullanım DurumuKiracı OturuyorKrediye UygunlukBilinmiyorYatırıma UygunlukYatırıma UygunYapı Durumuİkinci ElYapı TipiBetonarmeTapu DurumuKat MülkiyetiSite İçerisindeHayırİpotek DurumuYokEşya DurumuEşyalıTakasYokBanyo Sayısı1Balkon DurumuVarBalkon Sayısı2Balkon TipiAçık BalkonWC Sayısı1Ada3401Parsel13Fiyat DurumuGenel FiyatGörüntülü Gezilebilir mi?EvetDaha Fazla Gör,15 Şubat 2025,İkinci El,Betonarme,,,,1.0,Var,2.0,Açık Balkon,Evet,Yok,,,,13.0,,,3401.0
https://www.emlakjet.com/ilan/artenew-den-21-dogalgazli-100-m2-3-cepheli-satilik-16219728,3.750.000 TL,,İzmir,Bornova,İnönü Mahallesi,16219728,06 Kasım 2025,Konut,Satılık,Daire,110 m²,120 m²,2+1,16-20,3.Kat,4,Kombi Doğalgaz,Kiracı Oturuyor,Krediye Uygun,Yatırıma Uygun,Kat Mülkiyeti,Hayır,,Var,1,Genel Fiyat,İlan Numarası16219728İlan Güncelleme Tarihi06 Kasım 2025TürüKonutKategorisiSatılıkTipiDaireNet Metrekare110 m²Brüt Metrekare120 m²Oda Sayısı2+1Binanın Yaşı16-20Bulunduğu Kat3.KatBinanın Kat Sayısı4Isıtma TipiKombi DoğalgazKullanım DurumuKiracı OturuyorKrediye UygunlukKrediye UygunYatırıma UygunlukYatırıma UygunTapu DurumuKat Mülkiyetiİpotek DurumuYokSite İçerisindeHayırAidat0 TLKira Getirisi20000 TLTakasVarBanyo Sayısı1Balkon DurumuVarWC Sayısı1Fiyat DurumuGenel FiyatGörüntülü Gezilebilir mi?EvetDaha Fazla Gör,,,,0 TL,20000 TL,,1.0,Var,,,Evet,Yok,,,,,,,
https://www.emlakjet.com/ilan/bornova-viven-tower-da-10-satilik-daire-16924685,2.600.000 TL,,İzmir,Bornova,Yeşilova Mahallesi,16924685,24 Ekim 2025,Konut,Satılık,Residence,28 m²,41 m²,Stüdyo,0 (Yeni),9.Kat,38,VRV,Boş,Krediye Uygun Değil,,Kat İrtifakı,Hayır,,,1,Genel Fiyat,İlan Numarası16924685İlan Güncelleme Tarihi24 Ekim 2025TürüKonutKategorisiSatılıkTipiResidenceNet Metrekare28 m²Brüt Metrekare41 m²Oda SayısıStüdyoBinanın Yaşı0 (Yeni)Bulunduğu Kat9.KatBinanın Kat Sayısı38Isıtma TipiVRVKullanım DurumuBoşKrediye UygunlukKrediye Uygun DeğilTapu DurumuKat İrtifakıSite İçerisindeHayırBanyo Sayısı1Fiyat DurumuGenel FiyatDaha Fazla Gör,,,,,,,,,,,,,,,,,,,
https://www.emlakjet.com/ilan/sertac-gayrimenkulden-iki-arti-bir-ara-kat-17402431,5.275.000 TL,,İzmir,Bornova,Ergene Mahallesi,17402431,29 Kasım 2025,Konut,Satılık,Daire,85 m²,90 m²,2+1,1,5.Kat,5,Kombi Doğalgaz,Boş,Krediye Uygun,,Kooperatiften Tapu,Hayır,,,1,Birim Fiyat,İlan Numarası17402431İlan Oluşturma Tarihi26 Mayıs 2025İlan Güncelleme Tarihi29 Kasım 2025TürüKonutKategorisiSatılıkTipiDaireNet Metrekare85 m²Brüt Metrekare90 m²Oda Sayısı2+1Binanın Yaşı1Bulunduğu Kat5.KatBinanın Kat Sayısı5Isıtma TipiKombi DoğalgazKullanım DurumuBoşKrediye UygunlukKrediye UygunYapı Durumuİkinci ElYapı TipiBetonarmeTapu DurumuKooperatiften TapuSite İçerisindeHayırBanyo Sayısı1Balkon DurumuVarBalkon Sayısı2WC Sayısı1Fiyat DurumuBirim FiyatDaha Fazla Gör,26 Mayıs 2025,İkinci El,Betonarme,,,,1.0,Var,2.0,,,,,,,,,,
https://www.emlakjet.com/ilan/altindag-da-kelepir-2-katli-bina-16882564,5.690.000 TL,,İzmir,Bornova,Merkez Mahallesi,16882564,23 Kasım 2025,Konut,Satılık,Müstakil Ev,100 m²,135 m²,2+1,16-20,,2,Kombi Doğalgaz,Mülk Sahibi Oturuyor,Bilinmiyor,Yatırıma Uygun,Müstakil Tapulu,Hayır,Boş,,1,Birim Fiyat,"İlan Numarası16882564İlan Oluşturma Tarihi23 Şubat 2025İlan Güncelleme Tarihi23 Kasım 2025TürüKonutKategorisiSatılıkTipiMüstakil EvNet Metrekare100 m²Brüt Metrekare135 m²Oda Sayısı2+1Binanın Yaşı16-20Binanın Kat Sayısı2Isıtma TipiKombi DoğalgazKullanım DurumuMülk Sahibi OturuyorKrediye UygunlukBilinmiyorYatırıma UygunlukYatırıma UygunYapı Durumuİkinci ElYapı TipiTaş BinaTapu DurumuMüstakil Tapuluİpotek DurumuYokSite İçerisindeHayırEşya DurumuBoşBanyo Sayısı1Balkon DurumuVarBalkon Sayısı2Balkon TipiAçık Balkon, Açık TerasWC Sayısı2Parsel1695Fiyat DurumuBirim FiyatGörüntülü Gezilebilir mi?EvetZemin EtüdüVarDaha Fazla Gör",23 Şubat 2025,İkinci El,Taş Bina,,,,2.0,Var,2.0,"Açık Balkon, Açık Teras",Evet,Yok,,,,1695.0,Var,,
https://www.emlakjet.com/ilan/birlik-mahallesinde-satilik-bina-17044250,12.000.000 TL,,İzmir,Bornova,Birlik Mahallesi,17044250,27 Kasım 2025,Konut,Satılık,Bina,90 m²,109 m²,2+1,21 Ve Üzeri,,5,Kombi Doğalgaz,Mülk Sahibi Oturuyor,Bilinmiyor,Yatırıma Uygun,Arsa Tapulu,Hayır,Boş,Var,1,Genel Fiyat,İlan Numarası17044250İlan Oluşturma Tarihi19 Mart 2025İlan Güncelleme Tarihi27 Kasım 2025TürüKonutKategorisiSatılıkTipiBinaNet Metrekare90 m²Brüt Metrekare109 m²Oda Sayısı2+1Binanın Yaşı21 Ve ÜzeriBinanın Kat Sayısı5Isıtma TipiKombi DoğalgazKullanım DurumuMülk Sahibi OturuyorKrediye UygunlukBilinmiyorYatırıma UygunlukYatırıma UygunYapı Durumuİkinci ElYapı TipiBetonarmeTapu DurumuArsa Tapuluİpotek DurumuYokSite İçerisindeHayırEşya DurumuBoşAidat50 TLTakasVarBanyo Sayısı1Balkon DurumuVarKattaki Daire Sayısı1Balkon Sayısı2Balkon TipiAçık BalkonWC Sayısı2Parsel10350Fiyat DurumuGenel FiyatGörüntülü Gezilebilir mi?EvetZemin EtüdüVarDaha Fazla Gör,19 Mart 2025,İkinci El,Betonarme,50 TL,,,2.0,Var,2.0,Açık Balkon,Evet,Yok,,,,10350.0,Var,1.0,
https://www.emlakjet.com/ilan/merkezi-konumda-31-acik-mutfak-sifir-dublex-daire-16982558,4.850.000 TL,,İzmir,Bornova,Kızılay Mahallesi,16982558,27 Ekim 2025,Konut,Satılık,Daire,120 m²,150 m²,3+1,0 (Yeni),Çatı Katı,3,Kombi Doğalgaz,Boş,Krediye Uygun,Bilinmiyor,Kat Mülkiyeti,Hayır,Boş,Yok,2,Genel Fiyat,İlan Numarası16982558İlan Güncelleme Tarihi27 Ekim 2025TürüKonutKategorisiSatılıkTipiDaireNet Metrekare120 m²Brüt Metrekare150 m²Oda Sayısı3+1Binanın Yaşı0 (Yeni)Bulunduğu KatÇatı KatıBinanın Kat Sayısı3Isıtma TipiKombi DoğalgazKullanım DurumuBoşKrediye UygunlukKrediye UygunYatırıma UygunlukBilinmiyorTapu DurumuKat MülkiyetiSite İçerisindeHayırEşya DurumuBoşTakasYokBanyo Sayısı2Fiyat DurumuGenel FiyatDaha Fazla Gör,,,,,,,,,,,,,,,,,,,
https://www.emlakjet.com/ilan/forum-da-sadece-16-villalik-sitede-ozel-havuzlu-580-m2-8130748,65.000.000 TL,,İzmir,Bornova,Kazımdirik Mahallesi,8130748,05 Kasım 2025,Konut,Satılık,Müstakil Ev,450 m²,580 m²,5+1,0 (Yeni),,2,Kombi Doğalgaz,Boş,Krediye Uygun,Yatırıma Uygun,Kat Mülkiyeti,Hayır,Boş,Yok,3,Genel Fiyat,İlan Numarası8130748İlan Güncelleme Tarihi05 Kasım 2025TürüKonutKategorisiSatılıkTipiMüstakil EvNet Metrekare450 m²Brüt Metrekare580 m²Oda Sayısı5+1Binanın Yaşı0 (Yeni)Binanın Kat Sayısı2Isıtma TipiKombi DoğalgazKullanım DurumuBoşKrediye UygunlukKrediye UygunYatırıma UygunlukYatırıma UygunYapı DurumuSıfırYapı TipiBetonarmeTapu DurumuKat Mülkiyetiİpotek DurumuYokEşya DurumuBoşSite İçerisindeHayırAidat4000 TLKira Getirisi80000 TLTakasYokBanyo Sayısı3Banyo Metrekare9 m²Balkon DurumuVarBalkon Sayısı3Salon Metrekare45 m²WC Sayısı3Fiyat DurumuGenel FiyatGörüntülü Gezilebilir mi?EvetDaha Fazla Gör,,Sıfır,Betonarme,4000 TL,80000 TL,45 m²,3.0,Var,3.0,,Evet,Yok,9 m²,,,,,,
https://www.emlakjet.com/ilan/bornova-da-satiliik-21-satilik-luks-daireler-10835337,4.000.000 TL,,İzmir,Bornova,Mevlana Mahallesi,10835337,29 Kasım 2025,Konut,Satılık,Daire,80 m²,82 m²,2+1,0 (Yeni),1.Kat,3,Kombi Doğalgaz,Boş,Krediye Uygun,Yatırıma Uygun,Kat İrtifakı,Hayır,Boş,Yok,1,Genel Fiyat,İlan Numarası10835337İlan Oluşturma Tarihi20 Mart 2022İlan Güncelleme Tarihi29 Kasım 2025TürüKonutKategorisiSatılıkTipiDaireNet Metrekare80 m²Brüt Metrekare82 m²Oda Sayısı2+1Binanın Yaşı0 (Yeni)Bulunduğu Kat1.KatBinanın Kat Sayısı3Isıtma TipiKombi DoğalgazKullanım DurumuBoşKrediye UygunlukKrediye UygunYatırıma UygunlukYatırıma UygunYapı DurumuSıfırYapı TipiBetonarmeTapu DurumuKat İrtifakıSite İçerisindeHayırİpotek DurumuYokEşya DurumuBoşKira Getirisi20000 TLTakasYokBanyo Sayısı1Banyo Metrekare5 m²Balkon DurumuVarBalkon Sayısı1Balkon TipiAçık BalkonBalkon Metrekare4 m²Salon Metrekare22 m²WC Sayısı1WC Metrekare2 m²Fiyat DurumuGenel FiyatGörüntülü Gezilebilir mi?EvetDaha Fazla Gör,20 Mart 2022,Sıfır,Betonarme,,20000 TL,22 m²,1.0,Var,1.0,Açık Balkon,Evet,Yok,5 m²,4 m²,2 m²,,,,
https://www.emlakjet.com/ilan/bornova-ergene-mah-kucukpark-yakini-satilik-yeni-21-daire-16925465,6.000.000 TL,,İzmir,Bornova,Ergene Mahallesi,16925465,28 Kasım 2025,Konut,Satılık,Daire,72 m²,82 m²,2+1,3,3.Kat,5,Kombi Doğalgaz,Kiracı Oturuyor,Krediye Uygun,Bilinmiyor,Kat Mülkiyeti,Hayır,Boş,Yok,1,Genel Fiyat,İlan Numarası16925465İlan Oluşturma Tarihi02 Mart 2025İlan Güncelleme Tarihi28 Kasım 2025TürüKonutKategorisiSatılıkTipiDaireNet Metrekare72 m²Brüt Metrekare82 m²Oda Sayısı2+1Binanın Yaşı3Bulunduğu Kat3.KatBinanın Kat Sayısı5Isıtma TipiKombi DoğalgazKullanım DurumuKiracı OturuyorKrediye UygunlukKrediye UygunYatırıma UygunlukBilinmiyorTapu DurumuKat MülkiyetiSite İçerisindeHayırEşya DurumuBoşTakasYokBanyo Sayısı1Fiyat DurumuGenel FiyatDaha Fazla Gör,02 Mart 2025,,,,,,,,,,,,,,,,,,
https://www.emlakjet.com/ilan/bornova-gayrimenkulden-satilik-41-17013029,14.499.999 TL,,İzmir,Bornova,Atatürk Mahallesi,17013029,05 Kasım 2025,Konut,Satılık,Müstakil Ev,150 m²,180 m²,4+1,0 (Yeni),,2,Kombi Doğalgaz,Boş,Krediye Uygun,Bilinmiyor,Kat Mülkiyeti,Hayır,,Var,2,Genel Fiyat,İlan Numarası17013029İlan Güncelleme Tarihi05 Kasım 2025TürüKonutKategorisiSatılıkTipiMüstakil EvNet Metrekare150 m²Brüt Metrekare180 m²Oda Sayısı4+1Binanın Yaşı0 (Yeni)Binanın Kat Sayısı2Isıtma TipiKombi DoğalgazKullanım DurumuBoşKrediye UygunlukKrediye UygunYatırıma UygunlukBilinmiyorYapı DurumuSıfırYapı TipiBetonarmeTapu DurumuKat MülkiyetiSite İçerisindeHayırAidat50 TLTakasVarBanyo Sayısı2Fiyat DurumuGenel FiyatDaha Fazla Gör,,Sıfır,Betonarme,50 TL,,,,,,,,,,,,,,,
https://www.emlakjet.com/ilan/dairemiz-isikkentte-yeni-yapilan-sitelerin-altindadir-15408485,2.260.000 TL,,İzmir,Bornova,Işıklar Mahallesi,15408485,10 Ekim 2025,Konut,Satılık,Daire,110 m²,120 m²,2+1,11-15,2.Kat,2,Kombi Doğalgaz,Mülk Sahibi Oturuyor,Krediye Uygun,,Kat Mülkiyeti,Hayır,,,1,Genel Fiyat,İlan Numarası15408485İlan Güncelleme Tarihi10 Ekim 2025TürüKonutKategorisiSatılıkTipiDaireNet Metrekare110 m²Brüt Metrekare120 m²Oda Sayısı2+1Binanın Yaşı11-15Bulunduğu Kat2.KatBinanın Kat Sayısı2Isıtma TipiKombi DoğalgazKullanım DurumuMülk Sahibi OturuyorKrediye UygunlukKrediye UygunTapu DurumuKat MülkiyetiSite İçerisindeHayırBanyo Sayısı1Balkon DurumuVarBalkon Sayısı2Balkon TipiAçık BalkonWC Sayısı2Fiyat DurumuGenel FiyatDaha Fazla Gör,,,,,,,2.0,Var,2.0,Açık Balkon,,,,,,,,,
https://www.emlakjet.com/ilan/trio-life-satilik-21-daire-17282107,6.800.000 TL,,İzmir,Bornova,Yeşilova Mahallesi,17282107,12 Eylül 2025,Konut,Satılık,Daire,97 m²,125 m²,2+1,4,12.Kat,14,Merkezi (Pay Ölçer),Kiracı Oturuyor,Krediye Uygun Değil,Bilinmiyor,Kat Mülkiyeti,Hayır,Boş,Yok,2,Genel Fiyat,İlan Numarası17282107İlan Güncelleme Tarihi12 Eylül 2025TürüKonutKategorisiSatılıkTipiDaireNet Metrekare97 m²Brüt Metrekare125 m²Oda Sayısı2+1Binanın Yaşı4Bulunduğu Kat12.KatBinanın Kat Sayısı14Isıtma TipiMerkezi (Pay Ölçer)Kullanım DurumuKiracı OturuyorKrediye UygunlukKrediye Uygun DeğilYatırıma UygunlukBilinmiyorTapu DurumuKat MülkiyetiSite İçerisindeHayırEşya DurumuBoşTakasYokBanyo Sayısı2Fiyat DurumuGenel FiyatDaha Fazla Gör,,,,,,,,,,,,,,,,,,,
https://www.emlakjet.com/ilan/bornova-yesilovada-satilik-21-kose-daire-16897188,2.700.000 TL,,İzmir,Bornova,Yeşilova Mahallesi,16897188,28 Kasım 2025,Konut,Satılık,Daire,90 m²,112 m²,2+1,21 Ve Üzeri,Yüksek Giriş,4,Kombi Doğalgaz,Boş,Krediye Uygun,Bilinmiyor,Kat Mülkiyeti,Hayır,Boş,Var,1,Genel Fiyat,İlan Numarası16897188İlan Oluşturma Tarihi25 Şubat 2025İlan Güncelleme Tarihi28 Kasım 2025TürüKonutKategorisiSatılıkTipiDaireNet Metrekare90 m²Brüt Metrekare112 m²Oda Sayısı2+1Binanın Yaşı21 Ve ÜzeriBulunduğu KatYüksek GirişBinanın Kat Sayısı4Isıtma TipiKombi DoğalgazKullanım DurumuBoşKrediye UygunlukKrediye UygunYatırıma UygunlukBilinmiyorTapu DurumuKat MülkiyetiSite İçerisindeHayırEşya DurumuBoşTakasVarBanyo Sayısı1Fiyat DurumuGenel FiyatDaha Fazla Gör,25 Şubat 2025,,,,,,,,,,,,,,,,,,
https://www.emlakjet.com/ilan/kizilay-mahallesinde-21-bahceli-kose-konumda-giris-kat-daire-17226106,3.850.000 TL,,İzmir,Bornova,Kızılay Mahallesi,17226106,30 Eylül 2025,Konut,Satılık,Daire,79 m²,80 m²,2+1,0 (Yeni),Bahçe Katı,4,Kombi Doğalgaz,Boş,Krediye Uygun Değil,Bilinmiyor,Kat Mülkiyeti,Hayır,Boş,Var,1,Genel Fiyat,İlan Numarası17226106İlan Güncelleme Tarihi30 Eylül 2025TürüKonutKategorisiSatılıkTipiDaireNet Metrekare79 m²Brüt Metrekare80 m²Oda Sayısı2+1Binanın Yaşı0 (Yeni)Bulunduğu KatBahçe KatıBinanın Kat Sayısı4Isıtma TipiKombi DoğalgazKullanım DurumuBoşKrediye UygunlukKrediye Uygun DeğilYatırıma UygunlukBilinmiyorTapu DurumuKat MülkiyetiSite İçerisindeHayırEşya DurumuBoşTakasVarBanyo Sayısı1Fiyat DurumuGenel FiyatDaha Fazla Gör,,,,,,,,,,,,,,,,,,,
https://www.emlakjet.com/ilan/fb-gayrimenkul-den-cicekli-koy-de-satilik-bahceli-mustakil-ev-16720252,5.000.000 TL,,İzmir,Bornova,Yakaköy Mahallesi,16720252,31 Ekim 2025,Konut,Satılık,Müstakil Ev,90 m²,500 m²,2+1,2,,1,Sobalı,Boş,Krediye Uygun Değil,Bilinmiyor,Hisseli Tapu,Hayır,Eşyalı,Var,1,Genel Fiyat,İlan Numarası16720252İlan Güncelleme Tarihi31 Ekim 2025TürüKonutKategorisiSatılıkTipiMüstakil EvNet Metrekare90 m²Brüt Metrekare500 m²Oda Sayısı2+1Binanın Yaşı2Binanın Kat Sayısı1Isıtma TipiSobalıKullanım DurumuBoşKrediye UygunlukKrediye Uygun DeğilYatırıma UygunlukBilinmiyorTapu DurumuHisseli TapuEşya DurumuEşyalıSite İçerisindeHayırTakasVarBanyo Sayısı1Fiyat DurumuGenel FiyatDaha Fazla Gör,,,,,,,,,,,,,,,,,,,
https://www.emlakjet.com/ilan/soli-forum-bornova-yakini-havuzlu-villa-15782170,111.000.000 TL,,İzmir,Bornova,Kazımdirik Mahallesi,15782170,03 Ekim 2025,Konut,Satılık,Villa,500 m²,650 m²,5+2,4,,4,Yerden Isıtma,Mülk Sahibi Oturuyor,Krediye Uygun,Bilinmiyor,Kat Mülkiyeti,Hayır,Boş,Yok,5,Genel Fiyat,İlan Numarası15782170İlan Güncelleme Tarihi03 Ekim 2025TürüKonutKategorisiSatılıkTipiVillaNet Metrekare500 m²Brüt Metrekare650 m²Oda Sayısı5+2Binanın Yaşı4Binanın Kat Sayısı4Isıtma TipiYerden IsıtmaKullanım DurumuMülk Sahibi OturuyorKrediye UygunlukKrediye UygunYatırıma UygunlukBilinmiyorTapu DurumuKat MülkiyetiEşya DurumuBoşSite İçerisindeHayırTakasYokBanyo Sayısı5Fiyat DurumuGenel FiyatDaha Fazla Gör,,,,,,,,,,,,,,,,,,,
https://www.emlakjet.com/ilan/camdibi-kentsel-donusum-alaninda-2-katli-komple-satilik-mustakil-17321153,5.750.000 TL,,İzmir,Bornova,Barbaros Mahallesi,17321153,14 Ekim 2025,Konut,Satılık,Müstakil Ev,100 m²,125 m²,4+3,21 Ve Üzeri,,2,Klimalı,Kiracı Oturuyor,Krediye Uygun,Bilinmiyor,Müstakil Tapulu,Hayır,Boş,Yok,2,Genel Fiyat,İlan Numarası17321153İlan Güncelleme Tarihi14 Ekim 2025TürüKonutKategorisiSatılıkTipiMüstakil EvNet Metrekare100 m²Brüt Metrekare125 m²Oda Sayısı4+3Binanın Yaşı21 Ve ÜzeriBinanın Kat Sayısı2Isıtma TipiKlimalıKullanım DurumuKiracı OturuyorKrediye UygunlukKrediye UygunYatırıma UygunlukBilinmiyorTapu DurumuMüstakil TapuluEşya DurumuBoşSite İçerisindeHayırTakasYokBanyo Sayısı2Fiyat DurumuGenel FiyatDaha Fazla Gör,,,,,,,,,,,,,,,,,,,
https://www.emlakjet.com/ilan/ismet-sezgin-okuluna-700-m-mesafede-ara-kat-31-16819884,7.580.000 TL,,İzmir,Bornova,Atatürk Mahallesi,16819884,05 Kasım 2025,Konut,Satılık,Daire,128 m²,138 m²,3+1,0 (Yeni),2.Kat,3,Kombi Doğalgaz,Boş,Krediye Uygun,Bilinmiyor,Kat Mülkiyeti,Hayır,,Var,2,Genel Fiyat,İlan Numarası16819884İlan Güncelleme Tarihi05 Kasım 2025TürüKonutKategorisiSatılıkTipiDaireNet Metrekare128 m²Brüt Metrekare138 m²Oda Sayısı3+1Binanın Yaşı0 (Yeni)Bulunduğu Kat2.KatBinanın Kat Sayısı3Isıtma TipiKombi DoğalgazKullanım DurumuBoşKrediye UygunlukKrediye UygunYatırıma UygunlukBilinmiyorYapı DurumuSıfırYapı TipiBetonarmeTapu DurumuKat MülkiyetiSite İçerisindeHayırAidat50 TLTakasVarBanyo Sayısı2Fiyat DurumuGenel FiyatDaha Fazla Gör,,Sıfır,Betonarme,50 TL,,,,,,,,,,,,,,,
https://www.emlakjet.com/ilan/kw-cobans-dan-erzene-mahallesi-nde-yatirimlik-komple-kose-bina-17155510,8.990.000 TL,,İzmir,Bornova,Erzene Mahallesi,17155510,20 Kasım 2025,Konut,Satılık,Bina,390 m²,400 m²,2+1,21 Ve Üzeri,,2,Doğalgaz Sobalı,Mülk Sahibi Oturuyor,Krediye Uygun,Yatırıma Uygun,Hisseli Tapu,Hayır,Boş,Yok,1,Genel Fiyat,İlan Numarası17155510İlan Oluşturma Tarihi14 Nisan 2025İlan Güncelleme Tarihi20 Kasım 2025TürüKonutKategorisiSatılıkTipiBinaNet Metrekare390 m²Brüt Metrekare400 m²Oda Sayısı2+1Binanın Yaşı21 Ve ÜzeriBinanın Kat Sayısı2Isıtma TipiDoğalgaz SobalıKullanım DurumuMülk Sahibi OturuyorKrediye UygunlukKrediye UygunYatırıma UygunlukYatırıma UygunYapı Durumuİkinci ElYapı TipiBetonarmeTapu DurumuHisseli Tapuİpotek DurumuYokSite İçerisindeHayırEşya DurumuBoşKira Getirisi100000 TLTakasYokBanyo Sayısı1Banyo Metrekare5 m²Balkon DurumuVarKattaki Daire Sayısı2Balkon Sayısı2Balkon TipiAçık TerasBalkon Metrekare10 m²Salon Metrekare35 m²WC Sayısı2WC Metrekare4 m²Ada194Parsel22Fiyat DurumuGenel FiyatGörüntülü Gezilebilir mi?EvetZemin EtüdüVarDaha Fazla Gör,14 Nisan 2025,İkinci El,Betonarme,,100000 TL,35 m²,2.0,Var,2.0,Açık Teras,Evet,Yok,5 m²,10 m²,4 m²,22.0,Var,2.0,194.0
https://www.emlakjet.com/ilan/emlak-buraya-dan-dap-kulelerde-satilik-studyo-daire-17341153,3.125.000 TL,,İzmir,Bornova,Barbaros Mahallesi,17341153,28 Eylül 2025,Konut,Satılık,Daire,28 m²,34 m²,Stüdyo,3,5.Kat,30,Merkezi (Pay Ölçer),Boş,Krediye Uygun,Bilinmiyor,Kat Mülkiyeti,Evet,Boş,Yok,1,Genel Fiyat,İlan Numarası17341153İlan Güncelleme Tarihi28 Eylül 2025TürüKonutKategorisiSatılıkTipiDaireNet Metrekare28 m²Brüt Metrekare34 m²Oda SayısıStüdyoBinanın Yaşı3Bulunduğu Kat5.KatBinanın Kat Sayısı30Isıtma TipiMerkezi (Pay Ölçer)Kullanım DurumuBoşKrediye UygunlukKrediye UygunYatırıma UygunlukBilinmiyorTapu DurumuKat MülkiyetiSite İçerisindeEvetEşya DurumuBoşTakasYokBanyo Sayısı1Fiyat DurumuGenel FiyatDaha Fazla Gör,,,,,,,,,,,,,,,,,,,
https://www.emlakjet.com/ilan/ataturk-ismet-sezgin-okuluna-500-m-mesafede-16806928,7.550.000 TL,,İzmir,Bornova,Atatürk Mahallesi,16806928,05 Kasım 2025,Konut,Satılık,Daire,128 m²,138 m²,3+1,0 (Yeni),2.Kat,3,Kombi Doğalgaz,Boş,Krediye Uygun,Yatırıma Uygun,Kat Mülkiyeti,Hayır,Boş,Var,2,Genel Fiyat,İlan Numarası16806928İlan Güncelleme Tarihi05 Kasım 2025TürüKonutKategorisiSatılıkTipiDaireNet Metrekare128 m²Brüt Metrekare138 m²Oda Sayısı3+1Binanın Yaşı0 (Yeni)Bulunduğu Kat2.KatBinanın Kat Sayısı3Isıtma TipiKombi DoğalgazKullanım DurumuBoşKrediye UygunlukKrediye UygunYatırıma UygunlukYatırıma UygunYapı DurumuSıfırYapı TipiBetonarmeTapu DurumuKat Mülkiyetiİpotek DurumuYokSite İçerisindeHayırEşya DurumuBoşAidat50 TLKira Getirisi35000 TLTakasVarBanyo Sayısı2Banyo Metrekare2 m²Balkon DurumuVarBalkon Sayısı2Balkon TipiAçık BalkonBalkon Metrekare9 m²Salon Metrekare30 m²WC Sayısı2WC Metrekare5 m²Ada3593Parsel5Fiyat DurumuGenel FiyatGörüntülü Gezilebilir mi?EvetZemin EtüdüVarDaha Fazla Gör,,Sıfır,Betonarme,50 TL,35000 TL,30 m²,2.0,Var,2.0,Açık Balkon,Evet,Yok,2 m²,9 m²,5 m²,5.0,Var,,3593.0
https://www.emlakjet.com/ilan/bornova-zafer-de-satilik-mustakil-ev-ve-arsasi-15308491,3.000.000 TL,,İzmir,Bornova,Zafer Mahallesi,15308491,26 Kasım 2025,Konut,Satılık,Müstakil Ev,85 m²,100 m²,2+1,1,,1,Sobalı,Boş,Krediye Uygun,,Arsa Tapulu,Hayır,,,2,Genel Fiyat,İlan Numarası15308491İlan Oluşturma Tarihi07 Haziran 2024İlan Güncelleme Tarihi26 Kasım 2025TürüKonutKategorisiSatılıkTipiMüstakil EvNet Metrekare85 m²Brüt Metrekare100 m²Oda Sayısı2+1Binanın Yaşı1Binanın Kat Sayısı1Isıtma TipiSobalıKullanım DurumuBoşKrediye UygunlukKrediye UygunTapu DurumuArsa TapuluSite İçerisindeHayırBanyo Sayısı2Fiyat DurumuGenel FiyatDaha Fazla Gör,07 Haziran 2024,,,,,,,,,,,,,,,,,,
https://www.emlakjet.com/ilan/bornova-ataturk-mahallesinde-2-katli-terasli-satilik-mustakil-ev-15821248,10.250.000 TL,,İzmir,Bornova,İnönü Mahallesi,15821248,03 Ekim 2025,Konut,Satılık,Müstakil Ev,180 m²,235 m²,3+1,11-15,,2,Kombi Doğalgaz,Boş,Krediye Uygun,Bilinmiyor,Müstakil Tapulu,Hayır,Boş,Yok,2,Genel Fiyat,İlan Numarası15821248İlan Güncelleme Tarihi03 Ekim 2025TürüKonutKategorisiSatılıkTipiMüstakil EvNet Metrekare180 m²Brüt Metrekare235 m²Oda Sayısı3+1Binanın Yaşı11-15Binanın Kat Sayısı2Isıtma TipiKombi DoğalgazKullanım DurumuBoşKrediye UygunlukKrediye UygunYatırıma UygunlukBilinmiyorTapu DurumuMüstakil TapuluEşya DurumuBoşSite İçerisindeHayırAidat1 TLTakasYokBanyo Sayısı2Fiyat DurumuGenel FiyatDaha Fazla Gör,,,,1 TL,,,,,,,,,,,,,,,
https://www.emlakjet.com/ilan/camdibi-altindag-caddesine-yakin-satilik-mustakil-ev-17046550,4.000.000 TL,,İzmir,Bornova,Meriç Mahallesi,17046550,14 Ekim 2025,Konut,Satılık,Müstakil Ev,90 m²,128 m²,2+1,21 Ve Üzeri,,1,Isıtma Yok,Boş,Krediye Uygun,Bilinmiyor,Müstakil Tapulu,Hayır,Boş,Var,1,Genel Fiyat,İlan Numarası17046550İlan Güncelleme Tarihi14 Ekim 2025TürüKonutKategorisiSatılıkTipiMüstakil EvNet Metrekare90 m²Brüt Metrekare128 m²Oda Sayısı2+1Binanın Yaşı21 Ve ÜzeriBinanın Kat Sayısı1Isıtma TipiIsıtma YokKullanım DurumuBoşKrediye UygunlukKrediye UygunYatırıma UygunlukBilinmiyorTapu DurumuMüstakil TapuluEşya DurumuBoşSite İçerisindeHayırTakasVarBanyo Sayısı1Fiyat DurumuGenel FiyatDaha Fazla Gör,,,,,,,,,,,,,,,,,,,
https://www.emlakjet.com/ilan/satilik-daire-camdibinde-bornova-31-17008780,3.500.000 TL,,İzmir,Bornova,Yıldırım Beyazıt Mahallesi,17008780,28 Ekim 2025,Konut,Satılık,Daire,130 m²,135 m²,2+1,16-20,Kot 3 (-3).Kat,4,Klimalı,Mülk Sahibi Oturuyor,Krediye Uygun,,Kat Mülkiyeti,Hayır,,,1,Genel Fiyat,İlan Numarası17008780İlan Güncelleme Tarihi28 Ekim 2025TürüKonutKategorisiSatılıkTipiDaireNet Metrekare130 m²Brüt Metrekare135 m²Oda Sayısı2+1Binanın Yaşı16-20Bulunduğu KatKot 3 (-3).KatBinanın Kat Sayısı4Isıtma TipiKlimalıKullanım DurumuMülk Sahibi OturuyorKrediye UygunlukKrediye UygunTapu DurumuKat MülkiyetiSite İçerisindeHayırBanyo Sayısı1Fiyat DurumuGenel FiyatDaha Fazla Gör,,,,,,,,,,,,,,,,,,,
https://www.emlakjet.com/ilan/bornova-ataturk-te-satilik-41-luks-tribleks-villalar-15952896,16.900.000 TL,,İzmir,Bornova,Atatürk Mahallesi,15952896,29 Kasım 2025,Konut,Satılık,Daire,138 m²,170 m²,4+1,0 (Yeni),Villa Tipi,3,Kombi Doğalgaz,Boş,Krediye Uygun,Yatırıma Uygun,Kat İrtifakı,Hayır,Boş,Var,2,Genel Fiyat,İlan Numarası15952896İlan Oluşturma Tarihi24 Eylül 2024İlan Güncelleme Tarihi29 Kasım 2025TürüKonutKategorisiSatılıkTipiDaireNet Metrekare138 m²Brüt Metrekare170 m²Oda Sayısı4+1Binanın Yaşı0 (Yeni)Bulunduğu KatVilla TipiBinanın Kat Sayısı3Isıtma TipiKombi DoğalgazKullanım DurumuBoşKrediye UygunlukKrediye UygunYatırıma UygunlukYatırıma UygunYapı DurumuSıfırYapı TipiBetonarmeTapu DurumuKat İrtifakıSite İçerisindeHayırİpotek DurumuYokEşya DurumuBoşAidat0 TLKira Getirisi60000 TLTakasVarBanyo Sayısı2Banyo Metrekare16 m²Balkon DurumuVarBalkon Sayısı1Balkon TipiAçık TerasBalkon Metrekare40 m²Salon Metrekare27 m²WC Sayısı3WC Metrekare10 m²Fiyat DurumuGenel FiyatGörüntülü Gezilebilir mi?EvetZemin EtüdüVarDaha Fazla Gör,24 Eylül 2024,Sıfır,Betonarme,0 TL,60000 TL,27 m²,3.0,Var,1.0,Açık Teras,Evet,Yok,16 m²,40 m²,10 m²,,Var,,
https://www.emlakjet.com/ilan/inonu-de-satilik-21-bahce-kati-daire-14971544,3.850.000 TL,,İzmir,Bornova,İnönü Mahallesi,14971544,29 Kasım 2025,Konut,Satılık,Daire,77 m²,85 m²,2+1,0 (Yeni),Bahçe Katı,2,Kombi Doğalgaz,Boş,Krediye Uygun,Yatırıma Uygun,Kat İrtifakı,Hayır,Boş,Yok,1,Genel Fiyat,İlan Numarası14971544İlan Oluşturma Tarihi06 Nisan 2024İlan Güncelleme Tarihi29 Kasım 2025TürüKonutKategorisiSatılıkTipiDaireNet Metrekare77 m²Brüt Metrekare85 m²Oda Sayısı2+1Binanın Yaşı0 (Yeni)Bulunduğu KatBahçe KatıBinanın Kat Sayısı2Isıtma TipiKombi DoğalgazKullanım DurumuBoşKrediye UygunlukKrediye UygunYatırıma UygunlukYatırıma UygunYapı DurumuSıfırYapı TipiBetonarmeTapu DurumuKat İrtifakıSite İçerisindeHayırİpotek DurumuYokEşya DurumuBoşKira Getirisi24000 TLTakasYokBanyo Sayısı1Banyo Metrekare4 m²Balkon DurumuVarBalkon Sayısı1Balkon TipiAçık BalkonBalkon Metrekare3 m²Salon Metrekare24 m²WC Sayısı1WC Metrekare4 m²Fiyat DurumuGenel FiyatGörüntülü Gezilebilir mi?HayırDaha Fazla Gör,06 Nisan 2024,Sıfır,Betonarme,,24000 TL,24 m²,1.0,Var,1.0,Açık Balkon,Hayır,Yok,4 m²,3 m²,4 m²,,,,
https://www.emlakjet.com/ilan/artenew-den-21-mustakil-bahceli-cadde-uzeri-satilik-16219291,4.750.000 TL,,İzmir,Bornova,İnönü Mahallesi,16219291,06 Kasım 2025,Konut,Satılık,Daire,88 m²,110 m²,2+1,16-20,Bahçe Katı,1,Isıtma Yok,Boş,Krediye Uygun,,Kat Mülkiyeti,Hayır,,Var,1,Genel Fiyat,İlan Numarası16219291İlan Güncelleme Tarihi06 Kasım 2025TürüKonutKategorisiSatılıkTipiDaireNet Metrekare88 m²Brüt Metrekare110 m²Oda Sayısı2+1Binanın Yaşı16-20Bulunduğu KatBahçe KatıBinanın Kat Sayısı1Isıtma TipiIsıtma YokKullanım DurumuBoşKrediye UygunlukKrediye UygunTapu DurumuKat Mülkiyetiİpotek DurumuYokSite İçerisindeHayırAidat0 TLKira Getirisi15000 TLTakasVarBanyo Sayısı1Balkon DurumuVarWC Sayısı1Fiyat DurumuGenel FiyatDaha Fazla Gör,,,,0 TL,15000 TL,,1.0,Var,,,,Yok,,,,,,,
https://www.emlakjet.com/ilan/ege-univ-hastane-metro-yakini-yatirima-uygun-10-yasinda-21-daire-14971357,3.500.000 TL,,İzmir,Bornova,Kazımdirik Mahallesi,14971357,13 Kasım 2025,Konut,Satılık,Daire,75 m²,80 m²,2+1,5-10,4.Kat,4,Kombi Doğalgaz,Kiracı Oturuyor,Krediye Uygun,Yatırıma Uygun,Kat Mülkiyeti,Hayır,Boş,Var,1,Genel Fiyat,İlan Numarası14971357İlan Güncelleme Tarihi13 Kasım 2025TürüKonutKategorisiSatılıkTipiDaireNet Metrekare75 m²Brüt Metrekare80 m²Oda Sayısı2+1Binanın Yaşı5-10Bulunduğu Kat4.KatBinanın Kat Sayısı4Isıtma TipiKombi DoğalgazKullanım DurumuKiracı OturuyorKrediye UygunlukKrediye UygunYatırıma UygunlukYatırıma UygunYapı Durumuİkinci ElYapı TipiBetonarmeTapu DurumuKat Mülkiyetiİpotek DurumuYokSite İçerisindeHayırEşya DurumuBoşKira Getirisi25000 TLTakasVarBanyo Sayısı1WC Sayısı1Fiyat DurumuGenel FiyatGörüntülü Gezilebilir mi?EvetDaha Fazla Gör,,İkinci El,Betonarme,,25000 TL,,1.0,,,,Evet,Yok,,,,,,,
https://www.emlakjet.com/ilan/ciritoglu-konutlari-firsat-31-satilik-16156802,11.000.000 TL,,İzmir,Bornova,Karacaoğlan Mahallesi,16156802,30 Ekim 2025,Konut,Satılık,Daire,130 m²,165 m²,3+1,5-10,2.Kat,8,Kombi Doğalgaz,Mülk Sahibi Oturuyor,Krediye Uygun,Bilinmiyor,Bilinmiyor,Evet,Boş,Yok,2,Genel Fiyat,İlan Numarası16156802İlan Güncelleme Tarihi30 Ekim 2025TürüKonutKategorisiSatılıkTipiDaireNet Metrekare130 m²Brüt Metrekare165 m²Oda Sayısı3+1Binanın Yaşı5-10Bulunduğu Kat2.KatBinanın Kat Sayısı8Isıtma TipiKombi DoğalgazKullanım DurumuMülk Sahibi OturuyorKrediye UygunlukKrediye UygunYatırıma UygunlukBilinmiyorTapu DurumuBilinmiyorSite İçerisindeEvetEşya DurumuBoşTakasYokBanyo Sayısı2Fiyat DurumuGenel FiyatDaha Fazla Gör,,,,,,,,,,,,,,,,,,,
https://www.emlakjet.com/ilan/suna-tabakci-dan-izmir-bornova-5-katli-satilik-bina-15729816,12.500.000 TL,,İzmir,Bornova,Mevlana Mahallesi,15729816,16 Eylül 2025,Konut,Satılık,Bina,180 m²,181 m²,1 Oda,21 Ve Üzeri,,5,Isıtma Yok,Boş,Krediye Uygun Değil,Bilinmiyor,Arsa Tapulu,Hayır,,Yok,Yok,Genel Fiyat,İlan Numarası15729816İlan Güncelleme Tarihi16 Eylül 2025TürüKonutKategorisiSatılıkTipiBinaNet Metrekare180 m²Brüt Metrekare181 m²Oda Sayısı1 OdaBinanın Yaşı21 Ve ÜzeriBinanın Kat Sayısı5Isıtma TipiIsıtma YokKullanım DurumuBoşKrediye UygunlukKrediye Uygun DeğilYatırıma UygunlukBilinmiyorTapu DurumuArsa TapuluSite İçerisindeHayırTakasYokBanyo SayısıYokFiyat DurumuGenel FiyatDaha Fazla Gör,,,,,,,,,,,,,,,,,,,
https://www.emlakjet.com/ilan/bornova-da-31-satilik-luks-daire-15233931,11.500.000 TL,,İzmir,Bornova,Erzene Mahallesi,15233931,29 Kasım 2025,Konut,Satılık,Daire,130 m²,135 m²,3+1,0 (Yeni),4.Kat,5,Kombi Doğalgaz,Boş,Krediye Uygun,Bilinmiyor,Kat İrtifakı,Hayır,Boş,Yok,2,Genel Fiyat,İlan Numarası15233931İlan Oluşturma Tarihi25 Mayıs 2024İlan Güncelleme Tarihi29 Kasım 2025TürüKonutKategorisiSatılıkTipiDaireNet Metrekare130 m²Brüt Metrekare135 m²Oda Sayısı3+1Binanın Yaşı0 (Yeni)Bulunduğu Kat4.KatBinanın Kat Sayısı5Isıtma TipiKombi DoğalgazKullanım DurumuBoşKrediye UygunlukKrediye UygunYatırıma UygunlukBilinmiyorTapu DurumuKat İrtifakıSite İçerisindeHayırEşya DurumuBoşTakasYokBanyo Sayısı2Fiyat DurumuGenel FiyatDaha Fazla Gör,25 Mayıs 2024,,,,,,,,,,,,,,,,,,
https://www.emlakjet.com/ilan/dogalgazli-31-kapali-mutfakli-firsat-satilik-daire-16638460,4.400.000 TL,,İzmir,Bornova,Kızılay Mahallesi,16638460,28 Ekim 2025,Konut,Satılık,Daire,110 m²,120 m²,3+1,5-10,2.Kat,5,Kombi Doğalgaz,Mülk Sahibi Oturuyor,Krediye Uygun,Bilinmiyor,Kat İrtifakı,Hayır,Boş,Yok,1,Genel Fiyat,İlan Numarası16638460İlan Güncelleme Tarihi28 Ekim 2025TürüKonutKategorisiSatılıkTipiDaireNet Metrekare110 m²Brüt Metrekare120 m²Oda Sayısı3+1Binanın Yaşı5-10Bulunduğu Kat2.KatBinanın Kat Sayısı5Isıtma TipiKombi DoğalgazKullanım DurumuMülk Sahibi OturuyorKrediye UygunlukKrediye UygunYatırıma UygunlukBilinmiyorTapu DurumuKat İrtifakıSite İçerisindeHayırEşya DurumuBoşTakasYokBanyo Sayısı1Fiyat DurumuGenel FiyatDaha Fazla Gör,,,,,,,,,,,,,,,,,,,
https://www.emlakjet.com/ilan/bornova-doganlar-da-21-satilik-luks-daire-14971540,4.500.000 TL,,İzmir,Bornova,Doğanlar Mahallesi,14971540,29 Kasım 2025,Konut,Satılık,Daire,80 m²,88 m²,2+1,0 (Yeni),3.Kat,4,Kombi Doğalgaz,Boş,Krediye Uygun,Bilinmiyor,Kat İrtifakı,Hayır,Boş,Yok,1,Genel Fiyat,İlan Numarası14971540İlan Oluşturma Tarihi06 Nisan 2024İlan Güncelleme Tarihi29 Kasım 2025TürüKonutKategorisiSatılıkTipiDaireNet Metrekare80 m²Brüt Metrekare88 m²Oda Sayısı2+1Binanın Yaşı0 (Yeni)Bulunduğu Kat3.KatBinanın Kat Sayısı4Isıtma TipiKombi DoğalgazKullanım DurumuBoşKrediye UygunlukKrediye UygunYatırıma UygunlukBilinmiyorTapu DurumuKat İrtifakıSite İçerisindeHayırEşya DurumuBoşTakasYokBanyo Sayısı1Fiyat DurumuGenel FiyatDaha Fazla Gör,06 Nisan 2024,,,,,,,,,,,,,,,,,,
https://www.emlakjet.com/ilan/avcilar-effect-te-son-katta-yanyana-satilik-2-adet-11-daire-16400378,5.350.000 TL,,İzmir,Bornova,Kazımdirik Mahallesi,16400378,27 Ekim 2025,Konut,Satılık,Daire,44 m²,55 m²,1+1,5-10,7.Kat,7,Merkezi (Pay Ölçer),Boş,Krediye Uygun,Bilinmiyor,Kat Mülkiyeti,Evet,Boş,Var,1,Genel Fiyat,İlan Numarası16400378İlan Güncelleme Tarihi27 Ekim 2025TürüKonutKategorisiSatılıkTipiDaireNet Metrekare44 m²Brüt Metrekare55 m²Oda Sayısı1+1Binanın Yaşı5-10Bulunduğu Kat7.KatBinanın Kat Sayısı7Isıtma TipiMerkezi (Pay Ölçer)Kullanım DurumuBoşKrediye UygunlukKrediye UygunYatırıma UygunlukBilinmiyorTapu DurumuKat MülkiyetiSite İçerisindeEvetEşya DurumuBoşTakasVarBanyo Sayısı1Fiyat DurumuGenel FiyatDaha Fazla Gör,,,,,,,,,,,,,,,,,,,
https://www.emlakjet.com/ilan/kosukavak-mahallesinde-satilik-bina-17336636,17.000.000 TL,,İzmir,Bornova,Koşukavak Mahallesi,17336636,27 Kasım 2025,Konut,Satılık,Bina,90 m²,93 m²,2+1,21 Ve Üzeri,,5,Klimalı,Kiracı Oturuyor,Krediye Uygun,Yatırıma Uygun,Kat Mülkiyeti,Hayır,Boş,,1,Genel Fiyat,İlan Numarası17336636İlan Oluşturma Tarihi14 Mayıs 2025İlan Güncelleme Tarihi27 Kasım 2025TürüKonutKategorisiSatılıkTipiBinaNet Metrekare90 m²Brüt Metrekare93 m²Oda Sayısı2+1Binanın Yaşı21 Ve ÜzeriBinanın Kat Sayısı5Isıtma TipiKlimalıKullanım DurumuKiracı OturuyorKrediye UygunlukKrediye UygunYatırıma UygunlukYatırıma UygunYapı Durumuİkinci ElYapı TipiBetonarmeTapu DurumuKat Mülkiyetiİpotek DurumuYokSite İçerisindeHayırEşya DurumuBoşBanyo Sayısı1Balkon DurumuVarKattaki Daire Sayısı1Balkon Sayısı2Balkon TipiKapalı TerasWC Sayısı1Fiyat DurumuGenel FiyatDaha Fazla Gör,14 Mayıs 2025,İkinci El,Betonarme,,,,1.0,Var,2.0,Kapalı Teras,,Yok,,,,,,1.0,
https://www.emlakjet.com/ilan/bornova-gurpinar-mahallesinde-21-satilik-sifir-daire-17399534,3.790.000 TL,,İzmir,Bornova,Gürpınar Mahallesi,17399534,28 Kasım 2025,Konut,Satılık,Daire,80 m²,90 m²,2+1,0 (Yeni),Düz Giriş (Zemin),3,Kombi Doğalgaz,Boş,Krediye Uygun,,Kat Mülkiyeti,Hayır,,,1,Genel Fiyat,İlan Numarası17399534İlan Güncelleme Tarihi28 Kasım 2025TürüKonutKategorisiSatılıkTipiDaireNet Metrekare80 m²Brüt Metrekare90 m²Oda Sayısı2+1Binanın Yaşı0 (Yeni)Bulunduğu KatDüz Giriş (Zemin)Binanın Kat Sayısı3Isıtma TipiKombi DoğalgazKullanım DurumuBoşKrediye UygunlukKrediye UygunTapu DurumuKat MülkiyetiSite İçerisindeHayırBanyo Sayısı1Fiyat DurumuGenel FiyatDaha Fazla Gör,,,,,,,,,,,,,,,,,,,
https://www.emlakjet.com/ilan/viven-tower-da-yatirim-firsati-11-daire-17348222,3.300.000 TL,,İzmir,Bornova,Yeşilova Mahallesi,17348222,31 Ekim 2025,Konut,Satılık,Residence,40 m²,58 m²,1+1,0 (Yeni),20.Kat,30,VRV,Boş,Krediye Uygun Değil,Bilinmiyor,Kat İrtifakı,Hayır,Boş,Var,1,Genel Fiyat,İlan Numarası17348222İlan Güncelleme Tarihi31 Ekim 2025TürüKonutKategorisiSatılıkTipiResidenceNet Metrekare40 m²Brüt Metrekare58 m²Oda Sayısı1+1Binanın Yaşı0 (Yeni)Bulunduğu Kat20.KatBinanın Kat Sayısı30Isıtma TipiVRVKullanım DurumuBoşKrediye UygunlukKrediye Uygun DeğilYatırıma UygunlukBilinmiyorTapu DurumuKat İrtifakıSite İçerisindeHayırEşya DurumuBoşTakasVarBanyo Sayısı1Fiyat DurumuGenel FiyatDaha Fazla Gör,,,,,,,,,,,,,,,,,,,
